fecha;mes;unidad;tipo;categoria;descripcion;detalle;area;medio;monto;estado
2026-07-01;JULIO26;CALLAO;EGRESO;COMISIONES+PREMIO;SUELDOS9;COMISIONES Y PREMIO VTAS;VENTAS;E/T;-326944.68;CLASIFICADO
2026-07-01;JULIO26;CALLAO;EGRESO;COMISIONES+PREMIO;SUELDOS9;COMISIONES Y PREMIO VTAS;VENTAS;T;-367905.95;CLASIFICADO
2026-07-01;JULIO26;CALLAO;EGRESO;COMISIONES+PREMIO;SUELDOS9;COMISIONES Y PREMIO VTAS;VENTAS;E/T;-348138.05;CLASIFICADO
2026-07-01;JULIO26;CALLAO;EGRESO;COMISIONES+PREMIO;SUELDOS9;COMISIONES Y PREMIO VTAS;VENTAS;E/T;-32513.84;CLASIFICADO
2026-07-01;JULIO26;CALLAO;EGRESO;COMISIONES+PREMIO;SUELDOS9;COMISIONES Y PREMIO VTAS;VENTAS;T;-379773.58;CLASIFICADO
2026-07-01;JULIO26;CALLAO;EGRESO;GERENCIA;GERENCIA1;RETIRO DE RECAUDACIÓN;NEGOCIO;E;-600000.0;CLASIFICADO
2026-07-01;JULIO26;CALLAO;EGRESO;GERENCIA;GERENCIA2;MOVIMIENTOS DE BANCO;NEGOCIO;T;-600000.0;CLASIFICADO
2026-07-01;JULIO26;CALLAO;EGRESO;GERENCIA;GERENCIA5;GASTOS VARIOS GERENCIA;NEGOCIO;E;-6000.0;CLASIFICADO
2026-07-01;JULIO26;CALLAO;EGRESO;IMPUESTOS;DBCR 25413;TASA GRAL S/DB;NEGOCIO;T;-213270.66;CLASIFICADO
2026-07-01;JULIO26;CALLAO;EGRESO;MEDIO AGUINALDO;SUELDOS6;AGUINALDO ADMINISTRACION;ADMINISTRACION;E/T;-348138.05;CLASIFICADO
2026-07-01;JULIO26;CALLAO;EGRESO;MEDIO AGUINALDO;SUELDOS6;AGUINALDO ADMINISTRACION;ADMINISTRACION;E/T;-345284.9;CLASIFICADO
2026-07-01;JULIO26;CALLAO;EGRESO;MEDIO AGUINALDO;SUELDOS7;AGUINALDO DEPOSITO;DEPOSITO/LOG;T;-484853.68;CLASIFICADO
2026-07-01;JULIO26;CALLAO;EGRESO;MEDIO AGUINALDO;SUELDOS7;AGUINALDO DEPOSITO;DEPOSITO/LOG;E/T;-336283.04;CLASIFICADO
2026-07-01;JULIO26;CALLAO;EGRESO;PAGO A PROVEEDORES;PAULINA;LA PAULINA;NEGOCIO;E;-3094000.0;CLASIFICADO
2026-07-01;JULIO26;CALLAO;INGRESO;VENTA DIARIA;R1;COBRANZA REPARTO 1;DEPOSITO/LOG;E/T;1141329.57;CLASIFICADO
2026-07-01;JULIO26;CALLAO;INGRESO;VENTA DIARIA;R2;COBRANZA REPARTO 2;DEPOSITO/LOG;E/T;2671624.32;CLASIFICADO
2026-07-01;JULIO26;CALLAO;INGRESO;VENTA DIARIA;R3;COBRANZA REPARTO 3;DEPOSITO/LOG;E/T;1388138.45;CLASIFICADO
2026-07-01;JULIO26;CALLAO;INGRESO;VENTA DIARIA;V24;COBRANZA V24;VENTAS;E/T;373831.78;CLASIFICADO
2026-07-01;JULIO26;CALLAO;INGRESO;VENTA DIARIA;V28;COBRANZA V28;VENTAS;E/T;2278025.14;CLASIFICADO
2026-07-01;JULIO26;CALLAO;INGRESO;VENTA DIARIA;V29;COBRANZA V29;VENTAS;E/T;136798.81;CLASIFICADO
2026-07-01;JULIO26;CALLAO;INGRESO;VENTA DIARIA;V30;COBRANZA V30;VENTAS;E/T/ECHEQ;1842389.43;CLASIFICADO
2026-07-01;JULIO26;V. OBLIGADO;EGRESO;GERENCIA;GERENCIA6;RETIROS MERCADERIA ROBERTO;NEGOCIO;E;-151828.83;CLASIFICADO
2026-07-01;JULIO26;V. OBLIGADO;EGRESO;MEDIO AGUINALDO;SUELDOS8;AGUILANDO VUELTA OBLIG;DEPOSITO/LOG;E/T;-485945.18;CLASIFICADO
2026-07-02;JULIO26;CALLAO;EGRESO;GASTOS VARIOS;GASTO2;GASTOS VARIOS DEPO;DEPOSITO/LOG;E;-11200.0;CLASIFICADO
2026-07-02;JULIO26;CALLAO;EGRESO;GERENCIA;GERENCIA1;RETIRO DE RECAUDACIÓN;NEGOCIO;E;-600000.0;CLASIFICADO
2026-07-02;JULIO26;CALLAO;EGRESO;GERENCIA;GERENCIA2;MOVIMIENTOS DE BANCO;NEGOCIO;T;-600000.0;CLASIFICADO
2026-07-02;JULIO26;CALLAO;EGRESO;IMPUESTOS;DBCR 25413;TASA GRAL S/DB;NEGOCIO;T;-33650.53;CLASIFICADO
2026-07-02;JULIO26;CALLAO;EGRESO;IMPUESTOS;IIBB;INGRESOS BRUTOS;NEGOCIO;T;-73053.59;CLASIFICADO
2026-07-02;JULIO26;CALLAO;EGRESO;PAGO A PROVEEDORES;PAULINA;LA PAULINA;NEGOCIO;E;-3720000.0;CLASIFICADO
2026-07-02;JULIO26;CALLAO;EGRESO;SERVICIO TERCIARIZADO;CANTEROS;JORNAL;DEPOSITO/LOG;E;-70200.0;CLASIFICADO
2026-07-02;JULIO26;CALLAO;EGRESO;SERVICIO TERCIARIZADO;JUAN;SUELDO SEMANAL JUAN;NEGOCIO;E;-300000.0;CLASIFICADO
2026-07-02;JULIO26;CALLAO;EGRESO;SERVICIOS;PERSONAL;CONECTIVIDAD PERSONAL FLOW;NEGOCIO;T;-151912.4;CLASIFICADO
2026-07-02;JULIO26;CALLAO;EGRESO;SERVICIOS;TRIUNFO;SAP Y SEGUROS VEHICULOS;NEGOCIO;T;-335425.0;CLASIFICADO
2026-07-02;JULIO26;CALLAO;EGRESO;VEHICULOS COMBUSTIBLE;HIPERGAS1;1 GARRAFA PROPANO 15KG;DEPOSITO/LOG;E;-35554.3;CLASIFICADO
2026-07-02;JULIO26;CALLAO;EGRESO;VEHICULOS SERV/REPARACIONES;GIACONE;MANTENIMIENTO GIACONE;DEPOSITO/LOG;E;-300000.0;CLASIFICADO
2026-07-02;JULIO26;CALLAO;INGRESO;VENTA DIARIA;R1;COBRANZA REPARTO 1;DEPOSITO/LOG;E/T;6526688.52;CLASIFICADO
2026-07-02;JULIO26;CALLAO;INGRESO;VENTA DIARIA;R2;COBRANZA REPARTO 2;DEPOSITO/LOG;E/T;4129397.17;CLASIFICADO
2026-07-02;JULIO26;CALLAO;INGRESO;VENTA DIARIA;R3;COBRANZA REPARTO 3;DEPOSITO/LOG;E/T;2222824.18;CLASIFICADO
2026-07-02;JULIO26;CALLAO;INGRESO;VENTA DIARIA;V24;COBRANZA V24;VENTAS;T;498323.04;CLASIFICADO
2026-07-02;JULIO26;CALLAO;INGRESO;VENTA DIARIA;V26;COBRANZA V26;VENTAS;T;743162.78;CLASIFICADO
2026-07-02;JULIO26;CALLAO;INGRESO;VENTA DIARIA;V28;COBRANZA V28;VENTAS;T;1154500.25;CLASIFICADO
2026-07-02;JULIO26;CALLAO;INGRESO;VENTA DIARIA;V30;COBRANZA V30;VENTAS;E/T;992514.0;CLASIFICADO
2026-07-03;JULIO26;CALLAO;EGRESO;GASTOS VARIOS;BARRIA;JUICIOS;NEGOCIO;T;-2000000.0;CLASIFICADO
2026-07-03;JULIO26;CALLAO;EGRESO;GASTOS VARIOS;BARRIA2;JUICIO - ABOGADO;NEGOCIO;T;-400000.0;CLASIFICADO
2026-07-03;JULIO26;CALLAO;EGRESO;GERENCIA;GERENCIA1;RETIRO DE RECAUDACIÓN;NEGOCIO;E;-600000.0;CLASIFICADO
2026-07-03;JULIO26;CALLAO;EGRESO;MANTENIMIENTO/REPARACIONES;LIMPIEZA;SEMANA LIMPIEZA;NEGOCIO;E;-34000.0;CLASIFICADO
2026-07-03;JULIO26;CALLAO;EGRESO;PAGO A PROVEEDORES;ILOLAY;ILOLAY;NEGOCIO;T;-408374.02;CLASIFICADO
2026-07-03;JULIO26;CALLAO;EGRESO;PAGO A PROVEEDORES;ONNEG;ONNEG;NEGOCIO;T;-1600128.0;CLASIFICADO
2026-07-03;JULIO26;CALLAO;EGRESO;PAGO A PROVEEDORES;ORALI;CUENTA CORRIENTE;NEGOCIO;T;-2089955.02;CLASIFICADO
2026-07-03;JULIO26;CALLAO;EGRESO;PAGO A PROVEEDORES;PAULINA;LA PAULINA;NEGOCIO;E;-5688600.0;CLASIFICADO
2026-07-03;JULIO26;CALLAO;EGRESO;SERVICIO TERCIARIZADO;CANTEROS;JORNAL;DEPOSITO/LOG;E;-70200.0;CLASIFICADO
2026-07-03;JULIO26;CALLAO;EGRESO;SERVICIO TERCIARIZADO;JUAN;SUELDO SEMANAL JUAN;NEGOCIO;T;-800000.0;CLASIFICADO
2026-07-03;JULIO26;CALLAO;EGRESO;SERVICIO TERCIARIZADO;R1 RAMIRO;COMISION FLETERO RAMIRO;DEPOSITO/LOG;E;-328001.0;CLASIFICADO
2026-07-03;JULIO26;CALLAO;EGRESO;SERVICIO TERCIARIZADO;R2 CARLOS;COMISION FLETERO CARLITOS;DEPOSITO/LOG;E;-690918.12;CLASIFICADO
2026-07-03;JULIO26;CALLAO;EGRESO;SERVICIOS;DEMARCHI;MONITOREO ALARMA;NEGOCIO;E;-113000.0;CLASIFICADO
2026-07-03;JULIO26;CALLAO;EGRESO;VEHICULOS SERV/REPARACIONES;POLACO1;MANTENIMIENTO POLACO;DEPOSITO/LOG;E;-400000.0;CLASIFICADO
2026-07-03;JULIO26;CALLAO;INGRESO;VENTA DIARIA;R1;COBRANZA REPARTO 1;DEPOSITO/LOG;E/T;2366998.59;CLASIFICADO
2026-07-03;JULIO26;CALLAO;INGRESO;VENTA DIARIA;R2;COBRANZA REPARTO 2;DEPOSITO/LOG;E/T/CHEQ;6009551.85;CLASIFICADO
2026-07-03;JULIO26;CALLAO;INGRESO;VENTA DIARIA;R3;COBRANZA REPARTO 3;DEPOSITO/LOG;E/T;2147225.54;CLASIFICADO
2026-07-03;JULIO26;CALLAO;INGRESO;VENTA DIARIA;V24;COBRANZA V24;VENTAS;T;566012.26;CLASIFICADO
2026-07-03;JULIO26;CALLAO;INGRESO;VENTA DIARIA;V26;COBRANZA V26;VENTAS;T;416753.0;CLASIFICADO
2026-07-03;JULIO26;CALLAO;INGRESO;VENTA DIARIA;V28;COBRANZA V28;VENTAS;E/T;139980.0;CLASIFICADO
2026-07-03;JULIO26;CALLAO;INGRESO;VENTA DIARIA;V30;COBRANZA V30;VENTAS;T;764101.64;CLASIFICADO
2026-07-03;JULIO26;V. OBLIGADO;EGRESO;MANTENIMIENTO/REPARACIONES;LIMPIEZA2;SEMANA LIMPIEZA;NEGOCIO;E;-21500.0;CLASIFICADO
2026-07-03;JULIO26;V. OBLIGADO;EGRESO;SERVICIO TERCIARIZADO;LAUTARO;SEMANA AYUDANTE LAUTARO;DEPOSITO/LOG;E;-105000.0;CLASIFICADO
2026-07-03;JULIO26;V. OBLIGADO;EGRESO;SERVICIO TERCIARIZADO;LUIS;SEMANA AYUDANTE LUIS;DEPOSITO/LOG;E;-105000.0;CLASIFICADO
2026-07-03;JULIO26;V. OBLIGADO;EGRESO;SERVICIO TERCIARIZADO;OCAMPO;SEMANA AYUDANTE OCAMPO;DEPOSITO/LOG;E;-35000.0;CLASIFICADO
2026-07-06;JULIO26;CALLAO;EGRESO;COMISIONES+PREMIO;SUELDOS9;COMISIONES Y PREMIO VTAS;VENTAS;E;-412817.32;CLASIFICADO
2026-07-06;JULIO26;CALLAO;EGRESO;COMISIONES+PREMIO;SUELDOS9;COMISIONES Y PREMIO VTAS;VENTAS;E;-730141.74;CLASIFICADO
2026-07-06;JULIO26;CALLAO;EGRESO;COMISIONES+PREMIO;SUELDOS9;COMISIONES Y PREMIO VTAS;VENTAS;E;-539531.09;CLASIFICADO
2026-07-06;JULIO26;CALLAO;EGRESO;COMISIONES+PREMIO;SUELDOS9;COMISIONES Y PREMIO VTAS;VENTAS;E;-120824.74;CLASIFICADO
2026-07-06;JULIO26;CALLAO;EGRESO;GERENCIA;GERENCIA1;RETIRO DE RECAUDACIÓN;NEGOCIO;E;-400000.0;CLASIFICADO
2026-07-06;JULIO26;CALLAO;EGRESO;GERENCIA;GERENCIA2;MOVIMIENTOS DE BANCO;NEGOCIO;T;-200000.0;CLASIFICADO
2026-07-06;JULIO26;CALLAO;EGRESO;IMPUESTOS;DBCR 25413;TASA GRAL S/DB;NEGOCIO;T;-87139.74;CLASIFICADO
2026-07-06;JULIO26;CALLAO;EGRESO;IMPUESTOS;IIBB;INGRESOS BRUTOS;NEGOCIO;T;-80228.98;CLASIFICADO
2026-07-06;JULIO26;CALLAO;EGRESO;PAGO A PROVEEDORES;ILOLAY;ILOLAY;NEGOCIO;T;-731032.03;CLASIFICADO
2026-07-06;JULIO26;CALLAO;EGRESO;PAGO A PROVEEDORES;PAULINA;LA PAULINA;NEGOCIO;E/T/ECHEQ;-8571240.94;CLASIFICADO
2026-07-06;JULIO26;CALLAO;EGRESO;SERVICIO TERCIARIZADO;CANTEROS;JORNAL;DEPOSITO/LOG;E;-70200.0;CLASIFICADO
2026-07-06;JULIO26;CALLAO;EGRESO;SERVICIO TERCIARIZADO;HOLANDO2;SEGUROS PERSONALES;NEGOCIO;T;-57414.06;CLASIFICADO
2026-07-06;JULIO26;CALLAO;EGRESO;SUELDOS QUINCENA;SUELDOS1;SUELDOS ADMINISTRACION;ADMINISTRACION;E/T;-757421.0;CLASIFICADO
2026-07-06;JULIO26;CALLAO;EGRESO;SUELDOS QUINCENA;SUELDOS1;SUELDOS ADMINISTRACION;ADMINISTRACION;E/T;-786212.62;CLASIFICADO
2026-07-06;JULIO26;CALLAO;EGRESO;SUELDOS QUINCENA;SUELDOS2;SUELDOS DEPOSITO;DEPOSITO/LOG;T;-1054861.94;CLASIFICADO
2026-07-06;JULIO26;CALLAO;EGRESO;SUELDOS QUINCENA;SUELDOS2;SUELDOS DEPOSITO;DEPOSITO/LOG;E/T;-707917.42;CLASIFICADO
2026-07-06;JULIO26;CALLAO;EGRESO;SUELDOS QUINCENA;SUELDOS4;SUELDOS VENTAS;VENTAS;T;-715034.26;CLASIFICADO
2026-07-06;JULIO26;CALLAO;EGRESO;SUELDOS QUINCENA;SUELDOS4;SUELDOS VENTAS;VENTAS;T;-800427.3;CLASIFICADO
2026-07-06;JULIO26;CALLAO;EGRESO;SUELDOS QUINCENA;SUELDOS4;SUELDOS VENTAS;VENTAS;E/T;-757421.0;CLASIFICADO
2026-07-06;JULIO26;CALLAO;EGRESO;SUELDOS QUINCENA;SUELDOS4;SUELDOS VENTAS;VENTAS;T;-684462.48;CLASIFICADO
2026-07-06;JULIO26;CALLAO;EGRESO;SUELDOS QUINCENA;SUELDOS4;SUELDOS VENTAS;VENTAS;E/T;-826247.54;CLASIFICADO
2026-07-06;JULIO26;CALLAO;INGRESO;VENTA DIARIA;R1;COBRANZA REPARTO 1;DEPOSITO/LOG;E/T;3217399.44;CLASIFICADO
2026-07-06;JULIO26;CALLAO;INGRESO;VENTA DIARIA;R2;COBRANZA REPARTO 2;DEPOSITO/LOG;E/T;7136375.48;CLASIFICADO
2026-07-06;JULIO26;CALLAO;INGRESO;VENTA DIARIA;R3;COBRANZA REPARTO 3;DEPOSITO/LOG;E/T;2712686.24;CLASIFICADO
2026-07-06;JULIO26;CALLAO;INGRESO;VENTA DIARIA;V26;COBRANZA V26;VENTAS;E/T;4814629.0;CLASIFICADO
2026-07-06;JULIO26;CALLAO;INGRESO;VENTA DIARIA;V28;COBRANZA V28;VENTAS;T;2468563.16;CLASIFICADO
2026-07-06;JULIO26;CALLAO;INGRESO;VENTA DIARIA;V30;COBRANZA V30;VENTAS;E/T/ECHEQ;10397827.5;CLASIFICADO
2026-07-06;JULIO26;CALLAO;INGRESO;VENTA DIARIA;VTA MOSTRADOR;COBRANZA MOSTRADOR;NEGOCIO;T;313919.06;CLASIFICADO
2026-07-06;JULIO26;V. OBLIGADO;EGRESO;SUELDOS QUINCENA;SUELDOS3;SUELDO PABLO MACIEL;DEPOSITO/LOG;E/T;-1057236.4;CLASIFICADO
2026-07-06;JULIO26;V. OBLIGADO;EGRESO;VEHICULOS COMBUSTIBLE;HIPERGAS2;1 GARRAFA PROPANO 15KG;DEPOSITO/LOG;E;-35600.0;CLASIFICADO
2026-07-07;JULIO26;CALLAO;EGRESO;GASTOS BANCARIOS;TARJETA VISA;VISA COMERCIAL CG;NEGOCIO;T;-1216845.82;CLASIFICADO
2026-07-07;JULIO26;CALLAO;EGRESO;GASTOS VARIOS;GASTO4;GASTOS VARIOS NEGOCIO;NEGOCIO;E;-14572.5;CLASIFICADO
2026-07-07;JULIO26;CALLAO;EGRESO;GERENCIA;GERENCIA1;RETIRO DE RECAUDACIÓN;NEGOCIO;E;-400000.0;CLASIFICADO
2026-07-07;JULIO26;CALLAO;EGRESO;IMPUESTO;DEBITO FISCAL;DEBITO FISCAL IVA PERCEPCION - BASICO;NEGOCIO;T;-3724.8;CLASIFICADO
2026-07-07;JULIO26;CALLAO;EGRESO;IMPUESTO?;COM. SERV;COM. SERV DESC NO AUTORIZ;NEGOCIO;T;-15520.0;CLASIFICADO
2026-07-07;JULIO26;CALLAO;EGRESO;IMPUESTOS;DBCR 25413;TASA GRAL S/DB;NEGOCIO;T;-101875.42;CLASIFICADO
2026-07-07;JULIO26;CALLAO;EGRESO;IMPUESTOS;IIBB;INGRESOS BRUTOS;NEGOCIO;T;-312496.25;CLASIFICADO
2026-07-07;JULIO26;CALLAO;EGRESO;IMPUESTOS;SUSS1;SUSS AUTONOMO JUAN PABLO;NEGOCIO;T;-144891.15;CLASIFICADO
2026-07-07;JULIO26;CALLAO;EGRESO;PAGO A PROVEEDORES;PALOMA;PALOMA;NEGOCIO;E/C;-912900.0;CLASIFICADO
2026-07-07;JULIO26;CALLAO;EGRESO;PAGO A PROVEEDORES;PAULINA;LA PAULINA;NEGOCIO;E;-1452200.0;CLASIFICADO
2026-07-07;JULIO26;CALLAO;EGRESO;PAGO A PROVEEDORES;PAULINA;LA PAULINA;NEGOCIO;T;-5000000.0;CLASIFICADO
2026-07-07;JULIO26;CALLAO;EGRESO;PAGO A PROVEEDORES;SODECAR;CUENTA CORRIENTE;NEGOCIO;E/T;-8885821.6;CLASIFICADO
2026-07-07;JULIO26;CALLAO;EGRESO;SERVICIO TERCIARIZADO;CANTEROS;JORNAL;DEPOSITO/LOG;E;-70200.0;CLASIFICADO
2026-07-07;JULIO26;CALLAO;EGRESO;VEHICULOS COMBUSTIBLE;MENJUA;MENJUA;NEGOCIO;C;-1276647.08;CLASIFICADO
2026-07-07;JULIO26;CALLAO;INGRESO;VENTA DIARIA;R1;COBRANZA REPARTO 1;DEPOSITO/LOG;E/T;4558937.12;CLASIFICADO
2026-07-07;JULIO26;CALLAO;INGRESO;VENTA DIARIA;R2;COBRANZA REPARTO 2;DEPOSITO/LOG;E/T;4475851.97;CLASIFICADO
2026-07-07;JULIO26;CALLAO;INGRESO;VENTA DIARIA;R3;COBRANZA REPARTO 3;DEPOSITO/LOG;E/T;270961.7;CLASIFICADO
2026-07-07;JULIO26;CALLAO;INGRESO;VENTA DIARIA;V24;COBRANZA V24;VENTAS;E/T;184401.0;CLASIFICADO
2026-07-07;JULIO26;CALLAO;INGRESO;VENTA DIARIA;V26;COBRANZA V26;VENTAS;T;190300.0;CLASIFICADO
2026-07-07;JULIO26;CALLAO;INGRESO;VENTA DIARIA;V28;COBRANZA V28;VENTAS;E/T;3135502.68;CLASIFICADO
2026-07-07;JULIO26;CALLAO;INGRESO;VENTA DIARIA;V30;COBRANZA V30;VENTAS;T;2975657.9;CLASIFICADO
2026-07-07;JULIO26;CALLAO;INGRESO;VENTA DIARIA;VTA MOSTRADOR;COBRANZA MOSTRADOR;NEGOCIO;E;960236.64;CLASIFICADO
2026-07-08;JULIO26;CALLAO;EGRESO;COMISIONES+PREMIO;SUELDOS9;COMISIONES Y PREMIO VTAS;VENTAS;E/T;-326944.68;CLASIFICADO
2026-07-08;JULIO26;CALLAO;EGRESO;COMISIONES+PREMIO;SUELDOS9;COMISIONES Y PREMIO VTAS;VENTAS;T;-367905.95;CLASIFICADO
2026-07-08;JULIO26;CALLAO;EGRESO;COMISIONES+PREMIO;SUELDOS9;COMISIONES Y PREMIO VTAS;VENTAS;E/T;-348138.05;CLASIFICADO
2026-07-08;JULIO26;CALLAO;EGRESO;COMISIONES+PREMIO;SUELDOS9;COMISIONES Y PREMIO VTAS;VENTAS;E/T;-32513.84;CLASIFICADO
2026-07-08;JULIO26;CALLAO;EGRESO;COMISIONES+PREMIO;SUELDOS9;COMISIONES Y PREMIO VTAS;VENTAS;T;-379773.58;CLASIFICADO
2026-07-08;JULIO26;CALLAO;EGRESO;GERENCIA;GERENCIA1;RETIRO DE RECAUDACIÓN;NEGOCIO;E;-200000.0;CLASIFICADO
2026-07-08;JULIO26;CALLAO;EGRESO;GERENCIA;GERENCIA2;MOVIMIENTOS DE BANCO;NEGOCIO;T;-400000.0;CLASIFICADO
2026-07-08;JULIO26;CALLAO;EGRESO;GERENCIA;GERENCIA8;RETIROS MERCADERIA GERARDO;NEGOCIO;E;-72355.85;CLASIFICADO
2026-07-08;JULIO26;CALLAO;EGRESO;IMPUESTOS;931;MAYO;NEGOCIO;T;-5347539.96;CLASIFICADO
2026-07-08;JULIO26;CALLAO;EGRESO;MEDIO AGUINALDO;SUELDOS6;AGUINALDO ADMINISTRACION;ADMINISTRACION;E/T;-348138.05;CLASIFICADO
2026-07-08;JULIO26;CALLAO;EGRESO;MEDIO AGUINALDO;SUELDOS6;AGUINALDO ADMINISTRACION;ADMINISTRACION;E/T;-345284.9;CLASIFICADO
2026-07-08;JULIO26;CALLAO;EGRESO;MEDIO AGUINALDO;SUELDOS7;AGUINALDO DEPOSITO;DEPOSITO/LOG;T;-484853.68;CLASIFICADO
2026-07-08;JULIO26;CALLAO;EGRESO;MEDIO AGUINALDO;SUELDOS7;AGUINALDO DEPOSITO;DEPOSITO/LOG;E/T;-336283.04;CLASIFICADO
2026-07-08;JULIO26;CALLAO;EGRESO;PAGO A PROVEEDORES;ILOLAY;ILOLAY;NEGOCIO;T;-703624.17;CLASIFICADO
2026-07-08;JULIO26;CALLAO;EGRESO;PAGO A PROVEEDORES;PAULINA;LA PAULINA;NEGOCIO;T;-5000000.0;CLASIFICADO
2026-07-08;JULIO26;CALLAO;EGRESO;SERVICIO TERCIARIZADO;CANTEROS;JORNAL;DEPOSITO/LOG;E;-70200.0;CLASIFICADO
2026-07-08;JULIO26;CALLAO;EGRESO;SUELDOS QUINCENA;SUELDOS1;SUELDOS ADMINISTRACION;ADMINISTRACION;T;-500000.0;CLASIFICADO
2026-07-08;JULIO26;CALLAO;EGRESO;VEHICULOS COMBUSTIBLE;MENJUA;MENJUA;NEGOCIO;T/C;-1361707.09;CLASIFICADO
2026-07-08;JULIO26;CALLAO;INGRESO;VENTA DIARIA;R1;COBRANZA REPARTO 1;DEPOSITO/LOG;E/T;6928224.66;CLASIFICADO
2026-07-08;JULIO26;CALLAO;INGRESO;VENTA DIARIA;R2;COBRANZA REPARTO 2;DEPOSITO/LOG;E/T;5165446.75;CLASIFICADO
2026-07-08;JULIO26;CALLAO;INGRESO;VENTA DIARIA;R3;COBRANZA REPARTO 3;DEPOSITO/LOG;E/T;2212852.1;CLASIFICADO
2026-07-08;JULIO26;CALLAO;INGRESO;VENTA DIARIA;V24;COBRANZA V24;VENTAS;T;363110.67;CLASIFICADO
2026-07-08;JULIO26;CALLAO;INGRESO;VENTA DIARIA;V26;COBRANZA V26;VENTAS;T;632637.14;CLASIFICADO
2026-07-08;JULIO26;CALLAO;INGRESO;VENTA DIARIA;V28;COBRANZA V28;VENTAS;T;1579769.0;CLASIFICADO
2026-07-08;JULIO26;CALLAO;INGRESO;VENTA DIARIA;V30;COBRANZA V30;VENTAS;E/T;861065.19;CLASIFICADO
2026-07-08;JULIO26;CALLAO;INGRESO;VENTA DIARIA;VTA MOSTRADOR;COBRANZA MOSTRADOR;NEGOCIO;T;162117.0;CLASIFICADO
2026-07-08;JULIO26;V. OBLIGADO;EGRESO;GASTOS VARIOS;GASTO7;GASTOS VARIOS NEGOCIO;NEGOCIO;E;-100000.0;CLASIFICADO
2026-07-08;JULIO26;V. OBLIGADO;EGRESO;GERENCIA;GERENCIA6;RETIROS MERCADERIA ROBERTO;NEGOCIO;E;-58453.72;CLASIFICADO
2026-07-08;JULIO26;V. OBLIGADO;EGRESO;MEDIO AGUINALDO;SUELDOS8;AGUILANDO VUELTA OBLIG;DEPOSITO/LOG;E/T;-485945.18;CLASIFICADO
2026-07-10;JULIO26;CALLAO;EGRESO;GERENCIA;GERENCIA8;RETIROS MERCADERIA GERARDO;NEGOCIO;E;-8011.14;CLASIFICADO
2026-07-10;JULIO26;CALLAO;EGRESO;MANTENIMIENTO/REPARACIONES;LIMPIEZA;SEMANA LIMPIEZA;NEGOCIO;E;-56333.33;CLASIFICADO
2026-07-10;JULIO26;CALLAO;EGRESO;MANTENIMIENTO/REPARACIONES;LIMPIEZA;SEMANA LIMPIEZA;NEGOCIO;E;-34000.0;CLASIFICADO
2026-07-10;JULIO26;CALLAO;EGRESO;SERVICIO TERCIARIZADO;CANTEROS;JORNAL;DEPOSITO/LOG;E;-70200.0;CLASIFICADO
2026-07-10;JULIO26;CALLAO;EGRESO;SERVICIO TERCIARIZADO;R1 RAMIRO;COMISION FLETERO RAMIRO;DEPOSITO/LOG;E;-298001.0;CLASIFICADO
2026-07-10;JULIO26;CALLAO;EGRESO;SERVICIO TERCIARIZADO;R2 CARLOS;COMISION FLETERO CARLITOS;DEPOSITO/LOG;E;-798597.04;CLASIFICADO
2026-07-10;JULIO26;CALLAO;EGRESO;SERVICIO TERCIARIZADO;SEREY1;OBRA SOCIAL SEREY;VENTAS;E;-388068.49;CLASIFICADO
2026-07-10;JULIO26;CALLAO;EGRESO;SERVICIO TERCIARIZADO;SEREY2;MONOTRIBUTO SEREY;VENTAS;E;-42386.74;CLASIFICADO
2026-07-10;JULIO26;CALLAO;EGRESO;VEHICULOS SERV/REPARACIONES;POLACO1;MANTENIMIENTO POLACO;DEPOSITO/LOG;E;-448000.0;CLASIFICADO
2026-07-10;JULIO26;CALLAO;INGRESO;VENTA DIARIA;R1;COBRANZA REPARTO 1;DEPOSITO/LOG;E/T;4118408.23;CLASIFICADO
2026-07-10;JULIO26;CALLAO;INGRESO;VENTA DIARIA;R2;COBRANZA REPARTO 2;DEPOSITO/LOG;E/T;3495183.82;CLASIFICADO
2026-07-10;JULIO26;CALLAO;INGRESO;VENTA DIARIA;R3;COBRANZA REPARTO 3;DEPOSITO/LOG;E/T;3857486.45;CLASIFICADO
2026-07-10;JULIO26;CALLAO;INGRESO;VENTA DIARIA;V24;COBRANZA V24;VENTAS;T;31846.12;CLASIFICADO
2026-07-10;JULIO26;CALLAO;INGRESO;VENTA DIARIA;V26;COBRANZA V26;VENTAS;T;143000.0;CLASIFICADO
2026-07-10;JULIO26;CALLAO;INGRESO;VENTA DIARIA;V28;COBRANZA V28;VENTAS;E/T;1258974.0;CLASIFICADO
2026-07-10;JULIO26;CALLAO;INGRESO;VENTA DIARIA;V30;COBRANZA V30;VENTAS;T;197310.97;CLASIFICADO
2026-07-10;JULIO26;V. OBLIGADO;EGRESO;GASTOS VARIOS;GASTO7;GASTOS VARIOS NEGOCIO;NEGOCIO;E;-400000.0;CLASIFICADO
2026-07-10;JULIO26;V. OBLIGADO;EGRESO;MANTENIMIENTO/REPARACIONES;LIMPIEZA2;SEMANA LIMPIEZA;NEGOCIO;E;-56333.33;CLASIFICADO
2026-07-10;JULIO26;V. OBLIGADO;EGRESO;MANTENIMIENTO/REPARACIONES;LIMPIEZA2;SEMANA LIMPIEZA;NEGOCIO;E;-21500.0;CLASIFICADO
2026-07-10;JULIO26;V. OBLIGADO;EGRESO;SERVICIO TERCIARIZADO;LAUTARO;SEMANA AYUDANTE LAUTARO;DEPOSITO/LOG;E;-188535.91;CLASIFICADO
2026-07-10;JULIO26;V. OBLIGADO;EGRESO;SERVICIO TERCIARIZADO;LAUTARO;SEMANA AYUDANTE LAUTARO;DEPOSITO/LOG;E;-105000.0;CLASIFICADO
2026-07-10;JULIO26;V. OBLIGADO;EGRESO;SERVICIO TERCIARIZADO;LUIS;SEMANA AYUDANTE LUIS;DEPOSITO/LOG;E;-227500.0;CLASIFICADO
2026-07-10;JULIO26;V. OBLIGADO;EGRESO;SERVICIO TERCIARIZADO;LUIS;SEMANA AYUDANTE LUIS;DEPOSITO/LOG;E;-105000.0;CLASIFICADO
2026-07-10;JULIO26;V. OBLIGADO;EGRESO;SERVICIO TERCIARIZADO;OCAMPO;SEMANA AYUDANTE OCAMPO;DEPOSITO/LOG;E;-149152.85;CLASIFICADO
2026-07-10;JULIO26;V. OBLIGADO;EGRESO;SERVICIO TERCIARIZADO;OCAMPO;SEMANA AYUDANTE OCAMPO;DEPOSITO/LOG;E;-105000.0;CLASIFICADO
2026-07-10;JULIO26;V. OBLIGADO;EGRESO;VEHICULOS SERV/REPARACIONES;GIACONE2;MANTENIMIENTO GIACONE;DEPOSITO/LOG;E;-308600.0;CLASIFICADO
2026-07-13;JULIO26;CALLAO;EGRESO;APORTES;CARGA Y DESCARGA;SINDICATO;NEGOCIO;E;-650000.0;CLASIFICADO
2026-07-13;JULIO26;CALLAO;EGRESO;GASTOS VARIOS;GASTO3;GASTOS VARIOS VTAS;VENTAS;E;-10500.0;CLASIFICADO
2026-07-13;JULIO26;CALLAO;EGRESO;GERENCIA;GERENCIA1;RETIRO DE RECAUDACIÓN;NEGOCIO;E;-1000000.0;CLASIFICADO
2026-07-13;JULIO26;CALLAO;EGRESO;GERENCIA;GERENCIA1;RETIRO DE RECAUDACIÓN;NEGOCIO;E;-21500.0;CLASIFICADO
2026-07-13;JULIO26;CALLAO;EGRESO;GERENCIA;GERENCIA1;RETIRO DE RECAUDACIÓN;NEGOCIO;E;-500000.0;CLASIFICADO
2026-07-13;JULIO26;CALLAO;EGRESO;GERENCIA;GERENCIA2;MOVIMIENTOS DE BANCO;NEGOCIO;T;-550000.0;CLASIFICADO
2026-07-13;JULIO26;CALLAO;EGRESO;GERENCIA;GERENCIA8;RETIROS MERCADERIA GERARDO;NEGOCIO;E;-36508.2;CLASIFICADO
2026-07-13;JULIO26;CALLAO;EGRESO;GERENCIA;SUELDO EXTRA;MOV DE BANCO;NEGOCIO;T;-805000.0;CLASIFICADO
2026-07-13;JULIO26;CALLAO;EGRESO;GERENCIA;SUELDO EXTRA;MOV DE BANCO;NEGOCIO;T;-374000.0;CLASIFICADO
2026-07-13;JULIO26;CALLAO;EGRESO;IMPUESTO;MUNICIPIO;MUN DE ROSARIO;NEGOCIO;T;-66232.85;CLASIFICADO
2026-07-13;JULIO26;CALLAO;EGRESO;MANTENIMIENTO/REPARACIONES;FUMISUR1;FUMIGACION FUMISUR;NEGOCIO;E;-48400.0;CLASIFICADO
2026-07-13;JULIO26;CALLAO;EGRESO;PAGO A PROVEEDORES;ILOLAY;ILOLAY;NEGOCIO;T;-952617.22;CLASIFICADO
2026-07-13;JULIO26;CALLAO;EGRESO;PAGO A PROVEEDORES;ONNEG;ONNEG;NEGOCIO;T;-1645398.76;CLASIFICADO
2026-07-13;JULIO26;CALLAO;EGRESO;PAGO A PROVEEDORES;ORALI;CUENTA CORRIENTE;NEGOCIO;T;-1391666.02;CLASIFICADO
2026-07-13;JULIO26;CALLAO;EGRESO;PAGO A PROVEEDORES;PAULINA;LA PAULINA;NEGOCIO;E;-8723400.0;CLASIFICADO
2026-07-13;JULIO26;CALLAO;EGRESO;PAGO A PROVEEDORES;PAULINA;LA PAULINA;NEGOCIO;T;-4900000.0;CLASIFICADO
2026-07-13;JULIO26;CALLAO;INGRESO;VENTA DIARIA;R1;COBRANZA REPARTO 1;DEPOSITO/LOG;E/T;4266839.35;CLASIFICADO
2026-07-13;JULIO26;CALLAO;INGRESO;VENTA DIARIA;R2;COBRANZA REPARTO 2;DEPOSITO/LOG;E/T;3392445.36;CLASIFICADO
2026-07-13;JULIO26;CALLAO;INGRESO;VENTA DIARIA;R3;COBRANZA REPARTO 3;DEPOSITO/LOG;E/T;4744828.7;CLASIFICADO
2026-07-13;JULIO26;CALLAO;INGRESO;VENTA DIARIA;V26;COBRANZA V26;VENTAS;E/T;5274414.28;CLASIFICADO
2026-07-13;JULIO26;CALLAO;INGRESO;VENTA DIARIA;V28;COBRANZA V28;VENTAS;T;1393265.03;CLASIFICADO
2026-07-13;JULIO26;CALLAO;INGRESO;VENTA DIARIA;V30;COBRANZA V30;VENTAS;E/T;11933606.01;CLASIFICADO
2026-07-13;JULIO26;V. OBLIGADO;EGRESO;MANTENIMIENTO/REPARACIONES;FUMISUR2;FUMIGACION FUMISUR;NEGOCIO;E;-48400.0;CLASIFICADO
2026-07-13;JULIO26;V. OBLIGADO;EGRESO;SERVICIOS;AGUA2;AGUA SANTAFESINA;NEGOCIO;T;-87561.96;CLASIFICADO
2026-07-13;JULIO26;V. OBLIGADO;EGRESO;SERVICIOS;NUBENET;INTERNET;NEGOCIO;T;-19900.0;CLASIFICADO
2026-07-14;JULIO26;CALLAO;EGRESO;GASTOS BANCARIOS;PRESTAMO;CUOTA PRESTAMO BCO MACRO;NEGOCIO;T;-5921043.57;CLASIFICADO
2026-07-14;JULIO26;CALLAO;EGRESO;GASTOS VARIOS;GASTO1;GASTOS VARIOS ADMIN;ADMINISTRACION;E;-1300.0;CLASIFICADO
2026-07-14;JULIO26;CALLAO;EGRESO;IMPUESTOS;DBCR 25413;TASA GRAL S/DB;NEGOCIO;T;-246551.09;CLASIFICADO
2026-07-14;JULIO26;CALLAO;EGRESO;IMPUESTOS;IIBB;INGRESOS BRUTOS;NEGOCIO;T;-755668.83;CLASIFICADO
2026-07-14;JULIO26;CALLAO;EGRESO;PAGO A PROVEEDORES;CHESS;CHESS;NEGOCIO;T;-1247594.88;CLASIFICADO
2026-07-14;JULIO26;CALLAO;EGRESO;PAGO A PROVEEDORES;ILOLAY;ILOLAY;NEGOCIO;T;-1310980.43;CLASIFICADO
2026-07-14;JULIO26;CALLAO;EGRESO;PAGO A PROVEEDORES;PAULINA;LA PAULINA;NEGOCIO;T;-6000000.0;CLASIFICADO
2026-07-14;JULIO26;CALLAO;EGRESO;PAGO A PROVEEDORES;PAULINA;LA PAULINA;NEGOCIO;T;-3800000.0;CLASIFICADO
2026-07-14;JULIO26;CALLAO;EGRESO;SERVICIO TERCIARIZADO;CANTEROS;JORNAL;DEPOSITO/LOG;T;-70200.0;CLASIFICADO
2026-07-14;JULIO26;CALLAO;INGRESO;GERENCIA;GERENCIA2;MOVIMIENTOS DE BANCO;NEGOCIO;ECHEQ;26711646.22;CLASIFICADO
2026-07-14;JULIO26;CALLAO;INGRESO;VENTA DIARIA;R1;COBRANZA REPARTO 1;DEPOSITO/LOG;E/T;4511391.25;CLASIFICADO
2026-07-14;JULIO26;CALLAO;INGRESO;VENTA DIARIA;R2;COBRANZA REPARTO 2;DEPOSITO/LOG;E/T;6311167.07;CLASIFICADO
2026-07-14;JULIO26;CALLAO;INGRESO;VENTA DIARIA;R3;COBRANZA REPARTO 3;DEPOSITO/LOG;E/T;1580415.92;CLASIFICADO
2026-07-14;JULIO26;CALLAO;INGRESO;VENTA DIARIA;V24;COBRANZA V24;VENTAS;T;677398.01;CLASIFICADO
2026-07-14;JULIO26;CALLAO;INGRESO;VENTA DIARIA;V28;COBRANZA V28;VENTAS;E/T;332826.96;CLASIFICADO
2026-07-14;JULIO26;CALLAO;INGRESO;VENTA DIARIA;V30;COBRANZA V30;VENTAS;E/T/EC;396929.81;CLASIFICADO
2026-07-14;JULIO26;V. OBLIGADO;EGRESO;GERENCIA;GERENCIA2;MOVIMIENTOS DE BANCO;NEGOCIO;ECHEQ;-26711646.22;CLASIFICADO
2026-07-14;JULIO26;V. OBLIGADO;EGRESO;SERVICIO TERCIARIZADO;ESTEBAN;QUINCENA FLETERO ESTEBAN;DEPOSITO/LOG;E;-968333.0;CLASIFICADO
2026-07-14;JULIO26;V. OBLIGADO;EGRESO;SERVICIO TERCIARIZADO;FEDERICO;QUINCENA FLETERO FEDERICO;DEPOSITO/LOG;E;-737043.0;CLASIFICADO
2026-07-14;JULIO26;V. OBLIGADO;EGRESO;SERVICIO TERCIARIZADO;RODOLFO;QUINCENA FLETERO RODOLFO;DEPOSITO/LOG;E;-835619.0;CLASIFICADO
2026-07-15;JULIO26;CALLAO;EGRESO;GERENCIA;GERENCIA1;RETIRO DE RECAUDACIÓN;NEGOCIO;E;-800000.0;CLASIFICADO
2026-07-15;JULIO26;CALLAO;EGRESO;GERENCIA;JULIO3;ELECTRICISTA;NEGOCIO;E;-120000.0;CLASIFICADO
2026-07-15;JULIO26;CALLAO;EGRESO;PAGO A PROVEEDORES;PALOMA;PALOMA;NEGOCIO;E;-801300.13;CLASIFICADO
2026-07-15;JULIO26;CALLAO;EGRESO;PAGO A PROVEEDORES;PAULINA;LA PAULINA;NEGOCIO;E/T;-24320000.0;CLASIFICADO
2026-07-15;JULIO26;CALLAO;EGRESO;SERVICIO TERCIARIZADO;CANTEROS;JORNAL;DEPOSITO/LOG;E;-70200.0;CLASIFICADO
2026-07-15;JULIO26;CALLAO;INGRESO;VENTA DIARIA;R1;COBRANZA REPARTO 1;DEPOSITO/LOG;E/T;1974428.55;CLASIFICADO
2026-07-15;JULIO26;CALLAO;INGRESO;VENTA DIARIA;R2;COBRANZA REPARTO 2;DEPOSITO/LOG;E/T;4433360.25;CLASIFICADO
2026-07-15;JULIO26;CALLAO;INGRESO;VENTA DIARIA;R3;COBRANZA REPARTO 3;DEPOSITO/LOG;E/T;1816477.0;CLASIFICADO
2026-07-15;JULIO26;CALLAO;INGRESO;VENTA DIARIA;V24;COBRANZA V24;VENTAS;T;436857.16;CLASIFICADO
2026-07-15;JULIO26;CALLAO;INGRESO;VENTA DIARIA;V26;COBRANZA V26;VENTAS;T;277286.47;CLASIFICADO
2026-07-15;JULIO26;CALLAO;INGRESO;VENTA DIARIA;V28;COBRANZA V28;VENTAS;E/T;607195.7;CLASIFICADO
2026-07-15;JULIO26;CALLAO;INGRESO;VENTA DIARIA;V30;COBRANZA V30;VENTAS;E/T/R/ECH;5266196.78;CLASIFICADO
2026-07-15;JULIO26;V. OBLIGADO;EGRESO;GASTOS VARIOS;GASTO7;GASTOS VARIOS NEGOCIO;NEGOCIO;E;-250000.0;CLASIFICADO
2026-07-15;JULIO26;V. OBLIGADO;EGRESO;VEHICULOS COMBUSTIBLE;HIPERGAS2;1 GARRAFA PROPANO 15KG;DEPOSITO/LOG;E;-35554.3;CLASIFICADO
2026-07-16;JULIO26;CALLAO;EGRESO;CONTADOR;CATENA 1;GASTOS MENSUALES ESTUDIO;NEGOCIO;E;-1171000.0;CLASIFICADO
2026-07-16;JULIO26;CALLAO;EGRESO;GASTOS BANCARIOS;TARJETA VISA;VISA COMERCIAL CG;NEGOCIO;E;-600000.0;CLASIFICADO
2026-07-16;JULIO26;CALLAO;EGRESO;GASTOS VARIOS;GASTO1;GASTOS VARIOS ADMIN;ADMINISTRACION;T;-72600.0;CLASIFICADO
2026-07-16;JULIO26;CALLAO;EGRESO;GASTOS VARIOS;GASTO4;GASTOS VARIOS NEGOCIO;NEGOCIO;E;-18000.0;CLASIFICADO
2026-07-16;JULIO26;CALLAO;EGRESO;GERENCIA;GERENCIA1;RETIRO DE RECAUDACIÓN;NEGOCIO;E;-850000.0;CLASIFICADO
2026-07-16;JULIO26;CALLAO;EGRESO;IMPUESTOS;DREI;DREI;NEGOCIO;T;-1517830.18;CLASIFICADO
2026-07-16;JULIO26;CALLAO;EGRESO;PAGO A PROVEEDORES;ORALI;CUENTA CORRIENTE;NEGOCIO;T;-1598720.01;CLASIFICADO
2026-07-16;JULIO26;CALLAO;EGRESO;PAGO A PROVEEDORES;PALOMA;PALOMA;NEGOCIO;E;-801300.14;CLASIFICADO
2026-07-16;JULIO26;CALLAO;EGRESO;PAGO A PROVEEDORES;PAULINA;LA PAULINA;NEGOCIO;T;-2750000.0;CLASIFICADO
2026-07-16;JULIO26;CALLAO;EGRESO;SERVICIO TERCIARIZADO;CANTEROS;JORNAL;DEPOSITO/LOG;E;-70200.0;CLASIFICADO
2026-07-16;JULIO26;CALLAO;EGRESO;SERVICIOS;CLARO;CONECTIVIDAD CLARO;NEGOCIO;T;-567946.33;CLASIFICADO
2026-07-16;JULIO26;CALLAO;INGRESO;VENTA DIARIA;R1;COBRANZA REPARTO 1;DEPOSITO/LOG;E/T;4957270.35;CLASIFICADO
2026-07-16;JULIO26;CALLAO;INGRESO;VENTA DIARIA;R2;COBRANZA REPARTO 2;DEPOSITO/LOG;E/T;5209776.1;CLASIFICADO
2026-07-16;JULIO26;CALLAO;INGRESO;VENTA DIARIA;R3;COBRANZA REPARTO 3;DEPOSITO/LOG;E/T;1178561.99;CLASIFICADO
2026-07-16;JULIO26;CALLAO;INGRESO;VENTA DIARIA;V24;COBRANZA V24;VENTAS;T;1004259.81;CLASIFICADO
2026-07-16;JULIO26;CALLAO;INGRESO;VENTA DIARIA;V26;COBRANZA V26;VENTAS;T;73400.0;CLASIFICADO
2026-07-16;JULIO26;CALLAO;INGRESO;VENTA DIARIA;V28;COBRANZA V28;VENTAS;T;121609.98;CLASIFICADO
2026-07-16;JULIO26;CALLAO;INGRESO;VENTA DIARIA;V30;COBRANZA V30;VENTAS;T;164836.0;CLASIFICADO
2026-07-17;JULIO26;CALLAO;EGRESO;CONTADOR;CATENA 1;GASTOS MENSUALES ESTUDIO;NEGOCIO;E;-1000600.0;CLASIFICADO
2026-07-17;JULIO26;CALLAO;EGRESO;GERENCIA;GERENCIA1;RETIRO DE RECAUDACIÓN;NEGOCIO;E;-600000.0;CLASIFICADO
2026-07-17;JULIO26;CALLAO;EGRESO;GERENCIA;GERENCIA2;MOVIMIENTOS DE BANCO;NEGOCIO;T;-400000.0;CLASIFICADO
2026-07-17;JULIO26;CALLAO;EGRESO;GERENCIA;GERENCIA2;MOVIMIENTOS DE BANCO;NEGOCIO;T;-72000.0;CLASIFICADO
2026-07-17;JULIO26;CALLAO;EGRESO;IMPUESTOS;DBCR 25413;TASA GRAL S/DB;NEGOCIO;T;-253119.02;CLASIFICADO
2026-07-17;JULIO26;CALLAO;EGRESO;IMPUESTOS;IIBB;INGRESOS BRUTOS;NEGOCIO;E;-5816482.85;CLASIFICADO
2026-07-17;JULIO26;CALLAO;EGRESO;MANTENIMIENTO/REPARACIONES;LIMPIEZA;SEMANA LIMPIEZA;NEGOCIO;T;-34000.0;CLASIFICADO
2026-07-17;JULIO26;CALLAO;EGRESO;PAGO A PROVEEDORES;PAULINA;LA PAULINA;NEGOCIO;T;-26000000.0;CLASIFICADO
2026-07-17;JULIO26;CALLAO;EGRESO;PAGO A PROVEEDORES;PAULINA;LA PAULINA;NEGOCIO;E;-3000000.0;CLASIFICADO
2026-07-17;JULIO26;CALLAO;EGRESO;SERVICIO TERCIARIZADO;CANTEROS;JORNAL;DEPOSITO/LOG;T;-70200.0;CLASIFICADO
2026-07-17;JULIO26;CALLAO;EGRESO;SERVICIO TERCIARIZADO;JUAN;SUELDO SEMANAL JUAN;NEGOCIO;E;-300000.0;CLASIFICADO
2026-07-17;JULIO26;CALLAO;EGRESO;SERVICIO TERCIARIZADO;R1 RAMIRO;COMISION FLETERO RAMIRO;DEPOSITO/LOG;E;-818961.97;CLASIFICADO
2026-07-17;JULIO26;CALLAO;EGRESO;SERVICIO TERCIARIZADO;R2 CARLOS;COMISION FLETERO CARLITOS;DEPOSITO/LOG;E;-846386.75;CLASIFICADO
2026-07-17;JULIO26;CALLAO;EGRESO;VEHICULOS COMBUSTIBLE;MENJUA;MENJUA;NEGOCIO;ECHEQ;-1370401.33;CLASIFICADO
2026-07-17;JULIO26;CALLAO;INGRESO;VENTA DIARIA;R1;COBRANZA REPARTO 1;DEPOSITO/LOG;E/T;2619198.46;CLASIFICADO
2026-07-17;JULIO26;CALLAO;INGRESO;VENTA DIARIA;R2;COBRANZA REPARTO 2;DEPOSITO/LOG;E/T;5281174.64;CLASIFICADO
2026-07-17;JULIO26;CALLAO;INGRESO;VENTA DIARIA;R3;COBRANZA REPARTO 3;DEPOSITO/LOG;E;1308618.35;CLASIFICADO
2026-07-17;JULIO26;CALLAO;INGRESO;VENTA DIARIA;V24;COBRANZA V24;VENTAS;T;163870.94;CLASIFICADO
2026-07-17;JULIO26;CALLAO;INGRESO;VENTA DIARIA;V28;COBRANZA V28;VENTAS;E/T;861680.6;CLASIFICADO
2026-07-17;JULIO26;CALLAO;INGRESO;VENTA DIARIA;V29;COBRANZA V29;VENTAS;T;1453582.0;CLASIFICADO
2026-07-17;JULIO26;V. OBLIGADO;EGRESO;MANTENIMIENTO/REPARACIONES;LIMPIEZA2;SEMANA LIMPIEZA;NEGOCIO;T;-21500.0;CLASIFICADO
2026-07-17;JULIO26;V. OBLIGADO;EGRESO;SERVICIO TERCIARIZADO;LAUTARO;SEMANA AYUDANTE LAUTARO;DEPOSITO/LOG;E;-105000.0;CLASIFICADO
2026-07-17;JULIO26;V. OBLIGADO;EGRESO;SERVICIO TERCIARIZADO;LUIS;SEMANA AYUDANTE LUIS;DEPOSITO/LOG;E;-105000.0;CLASIFICADO
2026-07-17;JULIO26;V. OBLIGADO;EGRESO;SERVICIO TERCIARIZADO;OCAMPO;SEMANA AYUDANTE OCAMPO;DEPOSITO/LOG;E;-35000.0;CLASIFICADO
2026-07-17;JULIO26;V. OBLIGADO;EGRESO;VEHICULOS COMBUSTIBLE;HIPERGAS2;1 GARRAFA PROPANO 15KG;DEPOSITO/LOG;E;-35600.0;CLASIFICADO
2026-07-17;JULIO26;V. OBLIGADO;INGRESO;LOGISTICA;DULCOR;ECHEQ + RET;NEGOCIO;ECHEQ;131807.47;CLASIFICADO
2026-07-17;JULIO26;V. OBLIGADO;INGRESO;LOGISTICA;DULCOR;ECHEQ + RET;NEGOCIO;ECHEQ + RET;274648.52;CLASIFICADO
2026-07-17;JULIO26;V. OBLIGADO;INGRESO;LOGISTICA;DULCOR;ECHEQ + RET;NEGOCIO;ECHEQ;23791.6;CLASIFICADO
2026-07-17;JULIO26;V. OBLIGADO;INGRESO;LOGISTICA;VANOLI;ECHEQ + RET;NEGOCIO;ECHEQ;68031.51;CLASIFICADO
2026-07-17;JULIO26;V. OBLIGADO;INGRESO;LOGISTICA;VENEZIANA;ECHEQ + RET;NEGOCIO;ECHEQ + RET;23992862.96;CLASIFICADO
2026-07-17;JULIO26;V. OBLIGADO;INGRESO;LOGISTICA;YUSPE;ECHEQ + RET;NEGOCIO;ECHEQ;66837.64;CLASIFICADO
2026-07-17;JULIO26;V. OBLIGADO;INGRESO;LOGISTICA;YUSPE;ECHEQ + RET;NEGOCIO;ECHEQ;148236.85;CLASIFICADO
2026-07-17;JULIO26;V. OBLIGADO;INGRESO;LOGISTICA;YUSPE;ECHEQ + RET;NEGOCIO;ECHEQ + RET;192205.64;CLASIFICADO
2026-07-20;JULIO26;CALLAO;EGRESO;APORTES;CARGA Y DESCARGA;SINDICATO;NEGOCIO;E;-638865.44;CLASIFICADO
2026-07-20;JULIO26;CALLAO;EGRESO;GERENCIA;GERENCIA1;RETIRO DE RECAUDACIÓN;NEGOCIO;E;-400000.0;CLASIFICADO
2026-07-20;JULIO26;CALLAO;EGRESO;GERENCIA;GERENCIA5;GASTOS VARIOS GERENCIA;NEGOCIO;E;-390000.0;CLASIFICADO
2026-07-20;JULIO26;CALLAO;EGRESO;PAGO A PROVEEDORES;ILOLAY;ILOLAY;NEGOCIO;T;-748091.77;CLASIFICADO
2026-07-20;JULIO26;CALLAO;EGRESO;PAGO A PROVEEDORES;ONNEG;ONNEG;NEGOCIO;T;-1878336.0;CLASIFICADO
2026-07-20;JULIO26;CALLAO;EGRESO;PAGO A PROVEEDORES;PAULINA;LA PAULINA;NEGOCIO;T;-4000000.0;CLASIFICADO
2026-07-20;JULIO26;CALLAO;EGRESO;PAGO A PROVEEDORES;SODECAR;CUENTA CORRIENTE;NEGOCIO;ECHEQ;-3966393.93;CLASIFICADO
2026-07-20;JULIO26;CALLAO;EGRESO;SERVICIO TERCIARIZADO;CANTEROS;JORNAL;DEPOSITO/LOG;E;-70200.0;CLASIFICADO
2026-07-20;JULIO26;CALLAO;EGRESO;SERVICIO TERCIARIZADO;R2 CARLOS;COMISION FLETERO CARLITOS;DEPOSITO/LOG;E/T;2691702.5;CLASIFICADO
2026-07-20;JULIO26;CALLAO;EGRESO;SERVICIOS;EPE;ENERGIA ELECTRICA;NEGOCIO;T;-1255644.54;CLASIFICADO
2026-07-20;JULIO26;CALLAO;EGRESO;SUELDOS QUINCENA;SUELDOS1;SUELDOS ADMINISTRACION;ADMINISTRACION;E/T;-726849.22;CLASIFICADO
2026-07-20;JULIO26;CALLAO;EGRESO;SUELDOS QUINCENA;SUELDOS1;SUELDOS ADMINISTRACION;ADMINISTRACION;E/T;-755891.44;CLASIFICADO
2026-07-20;JULIO26;CALLAO;EGRESO;SUELDOS QUINCENA;SUELDOS2;SUELDOS DEPOSITO;DEPOSITO/LOG;R;-1052776.38;CLASIFICADO
2026-07-20;JULIO26;CALLAO;EGRESO;SUELDOS QUINCENA;SUELDOS2;SUELDOS DEPOSITO;DEPOSITO/LOG;E/T;-702097.4;CLASIFICADO
2026-07-20;JULIO26;CALLAO;EGRESO;SUELDOS QUINCENA;SUELDOS4;SUELDOS VENTAS;VENTAS;E;-684462.48;CLASIFICADO
2026-07-20;JULIO26;CALLAO;EGRESO;SUELDOS QUINCENA;SUELDOS4;SUELDOS VENTAS;VENTAS;T;-768119.68;CLASIFICADO
2026-07-20;JULIO26;CALLAO;EGRESO;SUELDOS QUINCENA;SUELDOS4;SUELDOS VENTAS;VENTAS;E/T;-726849.22;CLASIFICADO
2026-07-20;JULIO26;CALLAO;EGRESO;SUELDOS QUINCENA;SUELDOS4;SUELDOS VENTAS;VENTAS;E;-684462.48;CLASIFICADO
2026-07-20;JULIO26;CALLAO;EGRESO;SUELDOS QUINCENA;SUELDOS4;SUELDOS VENTAS;VENTAS;T;-792897.74;CLASIFICADO
2026-07-20;JULIO26;CALLAO;INGRESO;VENTA DIARIA;R1;COBRANZA REPARTO 1;DEPOSITO/LOG;E/T;3884072.18;CLASIFICADO
2026-07-20;JULIO26;CALLAO;INGRESO;VENTA DIARIA;R3;COBRANZA REPARTO 3;DEPOSITO/LOG;E/T;1045185.11;CLASIFICADO
2026-07-20;JULIO26;CALLAO;INGRESO;VENTA DIARIA;V24;COBRANZA V24;VENTAS;T;262935.78;CLASIFICADO
2026-07-20;JULIO26;CALLAO;INGRESO;VENTA DIARIA;V26;COBRANZA V26;VENTAS;E/T;5847144.0;CLASIFICADO
2026-07-20;JULIO26;CALLAO;INGRESO;VENTA DIARIA;V28;COBRANZA V28;VENTAS;E/T;2913033.62;CLASIFICADO
2026-07-20;JULIO26;CALLAO;INGRESO;VENTA DIARIA;V30;COBRANZA V30;VENTAS;T/R;3982725.31;CLASIFICADO
2026-07-20;JULIO26;CALLAO;INGRESO;VENTA DIARIA;VTA MOSTRADOR;COBRANZA MOSTRADOR;NEGOCIO;T;377176.93;CLASIFICADO
2026-07-20;JULIO26;V. OBLIGADO;EGRESO;SUELDOS QUINCENA;SUELDOS3;SUELDO PABLO MACIEL;DEPOSITO/LOG;E/T;-1582719.08;CLASIFICADO
2026-07-21;JULIO26;CALLAO;EGRESO;GERENCIA;GERENCIA1;RETIRO DE RECAUDACIÓN;NEGOCIO;E;-400000.0;CLASIFICADO
2026-07-21;JULIO26;CALLAO;EGRESO;GERENCIA;GERENCIA2;MOVIMIENTOS DE BANCO;NEGOCIO;T;-300000.0;CLASIFICADO
2026-07-21;JULIO26;CALLAO;EGRESO;GERENCIA;ITALMEDICA2;ITALMEDICA GERARDO;GERENCIA;E;-297909.42;CLASIFICADO
2026-07-21;JULIO26;CALLAO;EGRESO;IMPUESTOS;DBCR 25413;TASA GRAL S/DB;NEGOCIO;T;-130509.36;CLASIFICADO
2026-07-21;JULIO26;CALLAO;EGRESO;IMPUESTOS;IIBB;INGRESOS BRUTOS;NEGOCIO;T;-272578.01;CLASIFICADO
2026-07-21;JULIO26;CALLAO;EGRESO;PAGO A PROVEEDORES;PAULINA;LA PAULINA;NEGOCIO;E/C;-9400466.57;CLASIFICADO
2026-07-21;JULIO26;CALLAO;EGRESO;PAGO A PROVEEDORES;PAULINA;LA PAULINA;NEGOCIO;T;-7500000.0;CLASIFICADO
2026-07-21;JULIO26;CALLAO;INGRESO;VENTA DIARIA;R1;COBRANZA REPARTO 1;DEPOSITO/LOG;E/T;3170274.37;CLASIFICADO
2026-07-21;JULIO26;CALLAO;INGRESO;VENTA DIARIA;R2;COBRANZA REPARTO 2;DEPOSITO/LOG;E/T;4984904.95;CLASIFICADO
2026-07-21;JULIO26;CALLAO;INGRESO;VENTA DIARIA;R3;COBRANZA REPARTO 3;DEPOSITO/LOG;E/T;2123736.79;CLASIFICADO
2026-07-21;JULIO26;CALLAO;INGRESO;VENTA DIARIA;V24;COBRANZA V24;VENTAS;E/T;97905.47;CLASIFICADO
2026-07-21;JULIO26;CALLAO;INGRESO;VENTA DIARIA;V26;COBRANZA V26;VENTAS;E/T;570620.0;CLASIFICADO
2026-07-21;JULIO26;CALLAO;INGRESO;VENTA DIARIA;V28;COBRANZA V28;VENTAS;E/T;3663133.97;CLASIFICADO
2026-07-21;JULIO26;CALLAO;INGRESO;VENTA DIARIA;V30;COBRANZA V30;VENTAS;E/T;4210146.23;CLASIFICADO
2026-07-21;JULIO26;V. OBLIGADO;EGRESO;GERENCIA;ITALMEDICA1;ITALMEDICA ROBERTO;GERENCIA;E;-222641.3;CLASIFICADO
2026-07-21;JULIO26;V. OBLIGADO;EGRESO;SERVICIOS;EPE2;ENERGIA ELECTRICA;NEGOCIO;T;-73955.82;CLASIFICADO
2026-07-22;JULIO26;CALLAO;EGRESO;CONTADOR;CATENA;ALQUILER PASUALE;NEGOCIO;E;-1950000.0;CLASIFICADO
2026-07-22;JULIO26;CALLAO;EGRESO;CONTADOR;CATENA 1;GASTOS MENSUALES ESTUDIO;NEGOCIO;E;-1397641.1;CLASIFICADO
2026-07-22;JULIO26;CALLAO;EGRESO;GASTOS VARIOS;CASE ROSSI;INFORMATICA;NEGOCIO;E;-130000.0;CLASIFICADO
2026-07-22;JULIO26;CALLAO;EGRESO;GASTOS VARIOS;LOVERA;TECNICO REFRIGERANTE;NEGOCIO;E;-260000.0;CLASIFICADO
2026-07-22;JULIO26;CALLAO;EGRESO;GERENCIA;GERENCIA1;RETIRO DE RECAUDACIÓN;NEGOCIO;E;-400000.0;CLASIFICADO
2026-07-22;JULIO26;CALLAO;EGRESO;IMPUESTOS;DBCR 25413;TASA GRAL S/DB;NEGOCIO;T;-165814.61;CLASIFICADO
2026-07-22;JULIO26;CALLAO;EGRESO;IMPUESTOS;IIBB;INGRESOS BRUTOS;NEGOCIO;T;-575582.59;CLASIFICADO
2026-07-22;JULIO26;CALLAO;EGRESO;PAGO A PROVEEDORES;ILOLAY;ILOLAY;NEGOCIO;T;-972003.94;CLASIFICADO
2026-07-22;JULIO26;CALLAO;EGRESO;PAGO A PROVEEDORES;ILOLAY;ILOLAY;NEGOCIO;T;-2645118.01;CLASIFICADO
2026-07-22;JULIO26;CALLAO;EGRESO;PAGO A PROVEEDORES;ONNEG;ONNEG;NEGOCIO;T;-1345344.0;CLASIFICADO
2026-07-22;JULIO26;CALLAO;EGRESO;PAGO A PROVEEDORES;PAULINA;LA PAULINA;NEGOCIO;E/T;-8404000.0;CLASIFICADO
2026-07-22;JULIO26;CALLAO;EGRESO;PAGO A PROVEEDORES;SODECAR;CUENTA CORRIENTE;NEGOCIO;T;-4567462.11;CLASIFICADO
2026-07-22;JULIO26;CALLAO;EGRESO;SERVICIO TERCIARIZADO;CANTEROS;JORNAL;DEPOSITO/LOG;E;-70200.0;CLASIFICADO
2026-07-22;JULIO26;CALLAO;INGRESO;VENTA DIARIA;R1;COBRANZA REPARTO 1;DEPOSITO/LOG;E/T;1996055.56;CLASIFICADO
2026-07-22;JULIO26;CALLAO;INGRESO;VENTA DIARIA;R2;COBRANZA REPARTO 2;DEPOSITO/LOG;E/T;3621157.99;CLASIFICADO
2026-07-22;JULIO26;CALLAO;INGRESO;VENTA DIARIA;R3;COBRANZA REPARTO 3;DEPOSITO/LOG;E/T;956008.32;CLASIFICADO
2026-07-22;JULIO26;CALLAO;INGRESO;VENTA DIARIA;V24;COBRANZA V24;VENTAS;E/T;409600.75;CLASIFICADO
2026-07-22;JULIO26;CALLAO;INGRESO;VENTA DIARIA;V26;COBRANZA V26;VENTAS;E/T;480478.0;CLASIFICADO
2026-07-22;JULIO26;CALLAO;INGRESO;VENTA DIARIA;V28;COBRANZA V28;VENTAS;E/T;13910569.73;CLASIFICADO
2026-07-22;JULIO26;V. OBLIGADO;EGRESO;CONTADOR;CATENA2;GASTOS MENSUALES ESTUDIO;NEGOCIO;E;-450000.0;CLASIFICADO
2026-07-23;JULIO26;CALLAO;EGRESO;GASTOS VARIOS;GASTO1;GASTOS VARIOS ADMIN;ADMINISTRACION;E;-12000.0;CLASIFICADO
2026-07-23;JULIO26;CALLAO;EGRESO;GERENCIA;GERENCIA1;RETIRO DE RECAUDACIÓN;NEGOCIO;E;-400000.0;CLASIFICADO
2026-07-23;JULIO26;CALLAO;EGRESO;GERENCIA;GERENCIA2;MOVIMIENTOS DE BANCO;NEGOCIO;T;-400000.0;CLASIFICADO
2026-07-23;JULIO26;CALLAO;EGRESO;IMPUESTOS;DBCR 25413;TASA GRAL S/DB;NEGOCIO;T;-135274.87;CLASIFICADO
2026-07-23;JULIO26;CALLAO;EGRESO;IMPUESTOS;IIBB;INGRESOS BRUTOS;NEGOCIO;T;-240448.32;CLASIFICADO
2026-07-23;JULIO26;CALLAO;EGRESO;PAGO A PROVEEDORES;PAULINA;LA PAULINA;NEGOCIO;E/T;8986000.0;CLASIFICADO
2026-07-23;JULIO26;CALLAO;EGRESO;PAGO A PROVEEDORES;PAULINA;LA PAULINA;NEGOCIO;T;-6000000.0;CLASIFICADO
2026-07-23;JULIO26;CALLAO;EGRESO;SERVICIO TERCIARIZADO;CANTEROS;JORNAL;DEPOSITO/LOG;E;-70200.0;CLASIFICADO
2026-07-23;JULIO26;CALLAO;INGRESO;GERENCIA;GERENCIA2;MOVIMIENTOS DE BANCO;NEGOCIO;T;2042.81;CLASIFICADO
2026-07-23;JULIO26;CALLAO;INGRESO;VENTA DIARIA;R1;COBRANZA REPARTO 1;DEPOSITO/LOG;E/T;3952047.75;CLASIFICADO
2026-07-23;JULIO26;CALLAO;INGRESO;VENTA DIARIA;R2;COBRANZA REPARTO 2;DEPOSITO/LOG;E/T;3751606.56;CLASIFICADO
2026-07-23;JULIO26;CALLAO;INGRESO;VENTA DIARIA;R3;COBRANZA REPARTO 3;DEPOSITO/LOG;E/T;1286671.44;CLASIFICADO
2026-07-23;JULIO26;CALLAO;INGRESO;VENTA DIARIA;V24;COBRANZA V24;VENTAS;E/T;424976.99;CLASIFICADO
2026-07-23;JULIO26;CALLAO;INGRESO;VENTA DIARIA;V26;COBRANZA V26;VENTAS;T;388624.35;CLASIFICADO
2026-07-23;JULIO26;CALLAO;INGRESO;VENTA DIARIA;V28;COBRANZA V28;VENTAS;E/T;686213.0;CLASIFICADO
2026-07-23;JULIO26;CALLAO;INGRESO;VENTA DIARIA;V30;COBRANZA V30;VENTAS;E/T/ECHEQ;3217481.8;CLASIFICADO
2026-07-23;JULIO26;CALLAO;INGRESO;VENTA DIARIA;VTA MOSTRADOR;COBRANZA MOSTRADOR;NEGOCIO;E;418624.29;CLASIFICADO
2026-07-24;JULIO26;CALLAO;EGRESO;GERENCIA;GERENCIA1;RETIRO DE RECAUDACIÓN;NEGOCIO;E;-500000.0;CLASIFICADO
2026-07-24;JULIO26;CALLAO;EGRESO;MANTENIMIENTO/REPARACIONES;LIMPIEZA;SEMANA LIMPIEZA;NEGOCIO;E;-34000.0;CLASIFICADO
2026-07-24;JULIO26;CALLAO;EGRESO;PAGO A PROVEEDORES;PAULINA;LA PAULINA;NEGOCIO;E;-6756500.0;CLASIFICADO
2026-07-24;JULIO26;CALLAO;EGRESO;SERVICIO TERCIARIZADO;CANTEROS;JORNAL;DEPOSITO/LOG;E;-70200.0;CLASIFICADO
2026-07-24;JULIO26;CALLAO;EGRESO;SERVICIO TERCIARIZADO;JUAN;SUELDO SEMANAL JUAN;NEGOCIO;E;-300000.0;CLASIFICADO
2026-07-24;JULIO26;CALLAO;EGRESO;SERVICIO TERCIARIZADO;R1 RAMIRO;COMISION FLETERO RAMIRO;DEPOSITO/LOG;E;-718949.85;CLASIFICADO
2026-07-24;JULIO26;CALLAO;EGRESO;SERVICIO TERCIARIZADO;R2 CARLOS;COMISION FLETERO CARLITOS;DEPOSITO/LOG;E;-664174.24;CLASIFICADO
2026-07-24;JULIO26;CALLAO;INGRESO;VENTA DIARIA;R1;COBRANZA REPARTO 1;DEPOSITO/LOG;E/T;3101472.55;CLASIFICADO
2026-07-24;JULIO26;CALLAO;INGRESO;VENTA DIARIA;R2;COBRANZA REPARTO 2;DEPOSITO/LOG;E/C/T;4820734.33;CLASIFICADO
2026-07-24;JULIO26;CALLAO;INGRESO;VENTA DIARIA;R3;COBRANZA REPARTO 3;DEPOSITO/LOG;E/T;1476014.1;CLASIFICADO
2026-07-24;JULIO26;CALLAO;INGRESO;VENTA DIARIA;V24;COBRANZA V24;VENTAS;T;1041719.83;CLASIFICADO
2026-07-24;JULIO26;CALLAO;INGRESO;VENTA DIARIA;V26;COBRANZA V26;VENTAS;T;931553.4;CLASIFICADO
2026-07-24;JULIO26;CALLAO;INGRESO;VENTA DIARIA;V28;COBRANZA V28;VENTAS;E/T;1896144.41;CLASIFICADO
2026-07-24;JULIO26;CALLAO;INGRESO;VENTA DIARIA;V30;COBRANZA V30;VENTAS;E/R;121233.03;CLASIFICADO
2026-07-24;JULIO26;V. OBLIGADO;EGRESO;MANTENIMIENTO/REPARACIONES;JULIO2;ELECTRICISTA;NEGOCIO;E;-300000.0;CLASIFICADO
2026-07-24;JULIO26;V. OBLIGADO;EGRESO;MANTENIMIENTO/REPARACIONES;LIMPIEZA2;SEMANA LIMPIEZA;NEGOCIO;E;-21500.0;CLASIFICADO
2026-07-24;JULIO26;V. OBLIGADO;EGRESO;SERVICIO TERCIARIZADO;LAUTARO;SEMANA AYUDANTE LAUTARO;DEPOSITO/LOG;E;-105000.0;CLASIFICADO
2026-07-24;JULIO26;V. OBLIGADO;EGRESO;SERVICIO TERCIARIZADO;LUCAS;SEMANA AYUDANTE SCARCELO;DEPOSITO/LOG;E;-70000.0;CLASIFICADO
2026-07-24;JULIO26;V. OBLIGADO;EGRESO;SERVICIO TERCIARIZADO;LUIS;SEMANA AYUDANTE LUIS;DEPOSITO/LOG;E;-105000.0;CLASIFICADO
2026-07-24;JULIO26;V. OBLIGADO;EGRESO;VEHICULOS COMBUSTIBLE;HIPERGAS2;1 GARRAFA PROPANO 15KG;DEPOSITO/LOG;E;-35600.0;CLASIFICADO
2026-07-24;JULIO26;V. OBLIGADO;EGRESO;VEHICULOS SERV/REPARACIONES;GIACONE2;MANTENIMIENTO GIACONE;DEPOSITO/LOG;E;-400000.0;CLASIFICADO
2026-07-27;JULIO26;CALLAO;EGRESO;GASTOS BANCARIOS;CREDITO;CUOTA CREDITO BCO MACRO;NEGOCIO;T;-3341468.05;CLASIFICADO
2026-07-27;JULIO26;CALLAO;EGRESO;GASTOS BANCARIOS;TARJETA VISA;VISA COMERCIAL CG;NEGOCIO;T;-500000.0;CLASIFICADO
2026-07-27;JULIO26;CALLAO;EGRESO;GASTOS VARIOS;GASTO1;GASTOS VARIOS ADMIN;ADMINISTRACION;E;-6000.0;CLASIFICADO
2026-07-27;JULIO26;CALLAO;EGRESO;GASTOS VARIOS;TIO TOM;ARTICULOS DE LIBRERÍA;NEGOCIO;T;-178195.71;CLASIFICADO
2026-07-27;JULIO26;CALLAO;EGRESO;GERENCIA;GERENCIA1;RETIRO DE RECAUDACIÓN;NEGOCIO;E;-300000.0;CLASIFICADO
2026-07-27;JULIO26;CALLAO;EGRESO;GERENCIA;GERENCIA1;RETIRO DE RECAUDACIÓN;NEGOCIO;E;-400000.0;CLASIFICADO
2026-07-27;JULIO26;CALLAO;EGRESO;PAGO A PROVEEDORES;ORALI;CUENTA CORRIENTE;NEGOCIO;T/ECHQ;-2604861.55;CLASIFICADO
2026-07-27;JULIO26;CALLAO;EGRESO;PAGO A PROVEEDORES;PALOMA;PALOMA;NEGOCIO;T;-758000.0;CLASIFICADO
2026-07-27;JULIO26;CALLAO;EGRESO;PAGO A PROVEEDORES;PAULINA;LA PAULINA;NEGOCIO;E;-800000.0;CLASIFICADO
2026-07-27;JULIO26;CALLAO;INGRESO;VENTA DIARIA;R1;COBRANZA REPARTO 1;DEPOSITO/LOG;E/T;3735959.83;CLASIFICADO
2026-07-27;JULIO26;CALLAO;INGRESO;VENTA DIARIA;R2;COBRANZA REPARTO 2;DEPOSITO/LOG;E/T;2394493.12;CLASIFICADO
2026-07-27;JULIO26;CALLAO;INGRESO;VENTA DIARIA;R3;COBRANZA REPARTO 3;DEPOSITO/LOG;E/T;884472.18;CLASIFICADO
2026-07-27;JULIO26;CALLAO;INGRESO;VENTA DIARIA;V24;COBRANZA V24;VENTAS;T;39300.4;CLASIFICADO
2026-07-27;JULIO26;CALLAO;INGRESO;VENTA DIARIA;V26;COBRANZA V26;VENTAS;E/T;2960181.0;CLASIFICADO
2026-07-27;JULIO26;CALLAO;INGRESO;VENTA DIARIA;V28;COBRANZA V28;VENTAS;E/T;1588337.49;CLASIFICADO
2026-07-27;JULIO26;CALLAO;INGRESO;VENTA DIARIA;V30;COBRANZA V30;VENTAS;ECHQ/T/R;9626166.05;CLASIFICADO
2026-07-28;JULIO26;CALLAO;EGRESO;?????;OPCION SEGUROS;???????;NEGOCIO?;T;-56744.22;CLASIFICADO
2026-07-28;JULIO26;CALLAO;EGRESO;GASTOS VARIOS;GASTO4;GASTOS VARIOS NEGOCIO;NEGOCIO;E;-3000.0;CLASIFICADO
2026-07-28;JULIO26;CALLAO;EGRESO;GERENCIA;GERENCIA1;RETIRO DE RECAUDACIÓN;NEGOCIO;E;-400000.0;CLASIFICADO
2026-07-28;JULIO26;CALLAO;EGRESO;IMPUESTOS;DBCR 25413;TASA GRAL S/DB;NEGOCIO;T;-147660.93;CLASIFICADO
2026-07-28;JULIO26;CALLAO;EGRESO;IMPUESTOS;IIBB;INGRESOS BRUTOS;NEGOCIO;T;-365091.65;CLASIFICADO
2026-07-28;JULIO26;CALLAO;EGRESO;PAGO A PROVEEDORES;ORALI;CUENTA CORRIENTE;NEGOCIO;E;2211000.0;CLASIFICADO
2026-07-28;JULIO26;CALLAO;EGRESO;PAGO A PROVEEDORES;ORALI;CUENTA CORRIENTE;NEGOCIO;T;-78275.02;CLASIFICADO
2026-07-28;JULIO26;CALLAO;EGRESO;PAGO A PROVEEDORES;PAULINA;LA PAULINA;NEGOCIO;E/C;5848000.0;CLASIFICADO
2026-07-28;JULIO26;CALLAO;EGRESO;PAGO A PROVEEDORES;PAULINA;LA PAULINA;NEGOCIO;T;-8000000.0;CLASIFICADO
2026-07-28;JULIO26;CALLAO;EGRESO;SERVICIO TERCIARIZADO;CANTEROS;JORNAL;DEPOSITO/LOG;E;-70200.0;CLASIFICADO
2026-07-28;JULIO26;CALLAO;INGRESO;VENTA DIARIA;R1;COBRANZA REPARTO 1;DEPOSITO/LOG;E/T;3322658.57;CLASIFICADO
2026-07-28;JULIO26;CALLAO;INGRESO;VENTA DIARIA;R2;COBRANZA REPARTO 2;DEPOSITO/LOG;E/T;4890840.65;CLASIFICADO
2026-07-28;JULIO26;CALLAO;INGRESO;VENTA DIARIA;R3;COBRANZA REPARTO 3;DEPOSITO/LOG;E/T;1002364.78;CLASIFICADO
2026-07-28;JULIO26;CALLAO;INGRESO;VENTA DIARIA;V24;COBRANZA V24;VENTAS;T;300598.58;CLASIFICADO
2026-07-28;JULIO26;CALLAO;INGRESO;VENTA DIARIA;V28;COBRANZA V28;VENTAS;E/T;725945.25;CLASIFICADO
2026-07-28;JULIO26;CALLAO;INGRESO;VENTA DIARIA;V30;COBRANZA V30;VENTAS;E/T/ECHEQ/R;5337179.65;CLASIFICADO
2026-07-28;JULIO26;CALLAO;INGRESO;VENTA DIARIA;VTA MOSTRADOR;COBRANZA MOSTRADOR;NEGOCIO;E/T;219644.83;CLASIFICADO
2026-07-28;JULIO26;V. OBLIGADO;EGRESO;SERVICIO TERCIARIZADO;ESTEBAN;QUINCENA FLETERO ESTEBAN;DEPOSITO/LOG;E;-983135.55;CLASIFICADO
2026-07-28;JULIO26;V. OBLIGADO;EGRESO;SERVICIO TERCIARIZADO;FEDERICO;QUINCENA FLETERO FEDERICO;DEPOSITO/LOG;E;-803351.04;CLASIFICADO
2026-07-28;JULIO26;V. OBLIGADO;EGRESO;SERVICIO TERCIARIZADO;RODOLFO;QUINCENA FLETERO RODOLFO;DEPOSITO/LOG;E;-843295.88;CLASIFICADO
2026-07-28;JULIO26;V. OBLIGADO;EGRESO;VEHICULOS SERV/REPARACIONES;GIACONE2;MANTENIMIENTO GIACONE;DEPOSITO/LOG;E;-400000.0;CLASIFICADO
2026-07-29;JULIO26;CALLAO;EGRESO;GERENCIA;GERENCIA1;RETIRO DE RECAUDACIÓN;NEGOCIO;E;-500000.0;CLASIFICADO
2026-07-29;JULIO26;CALLAO;EGRESO;PAGO A PROVEEDORES;PALOMA;PALOMA;NEGOCIO;E;-758060.09;CLASIFICADO
2026-07-29;JULIO26;CALLAO;EGRESO;PAGO A PROVEEDORES;PAULINA;LA PAULINA;NEGOCIO;E;-5489800.0;CLASIFICADO
2026-07-29;JULIO26;CALLAO;EGRESO;SERVICIO TERCIARIZADO;CANTEROS;JORNAL;DEPOSITO/LOG;E;-70200.0;CLASIFICADO
2026-07-29;JULIO26;CALLAO;INGRESO;VENTA DIARIA;R1;COBRANZA REPARTO 1;DEPOSITO/LOG;E/T;3917123.41;CLASIFICADO
2026-07-29;JULIO26;CALLAO;INGRESO;VENTA DIARIA;R2;COBRANZA REPARTO 2;DEPOSITO/LOG;E/T;3877076.45;CLASIFICADO
2026-07-29;JULIO26;CALLAO;INGRESO;VENTA DIARIA;R3;COBRANZA REPARTO 3;DEPOSITO/LOG;E/T;843959.14;CLASIFICADO
2026-07-29;JULIO26;CALLAO;INGRESO;VENTA DIARIA;V24;COBRANZA V24;VENTAS;T;405469.06;CLASIFICADO
2026-07-29;JULIO26;CALLAO;INGRESO;VENTA DIARIA;V26;COBRANZA V26;VENTAS;E/T;605044.97;CLASIFICADO
2026-07-29;JULIO26;CALLAO;INGRESO;VENTA DIARIA;V28;COBRANZA V28;VENTAS;T;591279.66;CLASIFICADO
2026-07-29;JULIO26;CALLAO;INGRESO;VENTA DIARIA;V30;COBRANZA V30;VENTAS;E/T;1217812.54;CLASIFICADO
2026-07-29;JULIO26;V. OBLIGADO;EGRESO;VEHICULOS SERV/REPARACIONES;GIACONE2;MANTENIMIENTO GIACONE;DEPOSITO/LOG;E;-400000.0;CLASIFICADO
2026-07-30;JULIO26;CALLAO;EGRESO;GASTOS VARIOS;BCO MACRO;MANTENIMIENTO;NEGOCIO;T;-64500.0;CLASIFICADO
2026-07-30;JULIO26;CALLAO;EGRESO;GASTOS VARIOS;GASTO4;GASTOS VARIOS NEGOCIO;NEGOCIO;E;-115000.0;CLASIFICADO
2026-07-30;JULIO26;CALLAO;EGRESO;GASTOS VARIOS;GESTORA;GABRIELA PASCUALE;NEGOCIO;E;-400000.0;CLASIFICADO
2026-07-30;JULIO26;CALLAO;EGRESO;GERENCIA;GERENCIA1;RETIRO DE RECAUDACIÓN;NEGOCIO;E;-500000.0;CLASIFICADO
2026-07-30;JULIO26;CALLAO;EGRESO;GERENCIA;GERENCIA2;MOVIMIENTOS DE BANCO;NEGOCIO;T;-300000.0;CLASIFICADO
2026-07-30;JULIO26;CALLAO;EGRESO;GERENCIA;GERENCIA2;MOVIMIENTOS DE BANCO;NEGOCIO;T;-250000.0;CLASIFICADO
2026-07-30;JULIO26;CALLAO;EGRESO;GERENCIA;GERENCIA2;MOVIMIENTOS DE BANCO;NEGOCIO;T;-209695.11;CLASIFICADO
2026-07-30;JULIO26;CALLAO;EGRESO;GERENCIA;GERENCIA2;MOVIMIENTOS DE BANCO;NEGOCIO;T;-197165.94;CLASIFICADO
2026-07-30;JULIO26;CALLAO;EGRESO;IMPUESTO;DEBITO FISCAL;DEBITO FISCAL IVA PERCEPCION - BASICO;NEGOCIO;T;-15480.0;CLASIFICADO
2026-07-30;JULIO26;CALLAO;EGRESO;IMPUESTOS;DBCR 25413;TASA GRAL S/DB;NEGOCIO;T;-57993.57;CLASIFICADO
2026-07-30;JULIO26;CALLAO;EGRESO;IMPUESTOS;IIBB;INGRESOS BRUTOS;NEGOCIO;T;-129779.96;CLASIFICADO
2026-07-30;JULIO26;CALLAO;EGRESO;PAGO A PROVEEDORES;PAULINA;LA PAULINA;NEGOCIO;E/T;-7064000.0;CLASIFICADO
2026-07-30;JULIO26;CALLAO;EGRESO;SERVICIO TERCIARIZADO;CANTEROS;JORNAL;DEPOSITO/LOG;E;-70200.0;CLASIFICADO
2026-07-30;JULIO26;CALLAO;INGRESO;VENTA DIARIA;R1;COBRANZA REPARTO 1;DEPOSITO/LOG;E/T;4518388.98;CLASIFICADO
2026-07-30;JULIO26;CALLAO;INGRESO;VENTA DIARIA;R2;COBRANZA REPARTO 2;DEPOSITO/LOG;E/T;3772883.01;CLASIFICADO
2026-07-30;JULIO26;CALLAO;INGRESO;VENTA DIARIA;R3;COBRANZA REPARTO 3;DEPOSITO/LOG;E/T;4999461.8;CLASIFICADO
2026-07-30;JULIO26;CALLAO;INGRESO;VENTA DIARIA;V24;COBRANZA V24;VENTAS;E;61000.0;CLASIFICADO
2026-07-30;JULIO26;CALLAO;INGRESO;VENTA DIARIA;V26;COBRANZA V26;VENTAS;T;2387859.0;CLASIFICADO
2026-07-30;JULIO26;CALLAO;INGRESO;VENTA DIARIA;V28;COBRANZA V28;VENTAS;E;116400.0;CLASIFICADO
2026-07-30;JULIO26;CALLAO;INGRESO;VENTA DIARIA;V30;COBRANZA V30;VENTAS;E/T;178247.28;CLASIFICADO
2026-07-31;JULIO26;CALLAO;EGRESO;GASTOS VARIOS;GESTORA;GABRIELA PASCUALE;NEGOCIO;E;-400000.0;CLASIFICADO
2026-07-31;JULIO26;CALLAO;EGRESO;GERENCIA;GERENCIA1;RETIRO DE RECAUDACIÓN;NEGOCIO;E;-600000.0;CLASIFICADO
2026-07-31;JULIO26;CALLAO;EGRESO;GERENCIA;PARODI1;ART. LIMPIEZA;NEGOCIO;T;-209695.11;CLASIFICADO
2026-07-31;JULIO26;CALLAO;EGRESO;MANTENIMIENTO/REPARACIONES;LIMPIEZA;SEMANA LIMPIEZA;NEGOCIO;E;-29500.0;CLASIFICADO
2026-07-31;JULIO26;CALLAO;EGRESO;PAGO A PROVEEDORES;PAULINA;LA PAULINA;NEGOCIO;E;-7953600.0;CLASIFICADO
2026-07-31;JULIO26;CALLAO;EGRESO;PAGO A PROVEEDORES;PAULINA;LA PAULINA;NEGOCIO;T;-12000000.0;CLASIFICADO
2026-07-31;JULIO26;CALLAO;EGRESO;SERVICIO TERCIARIZADO;CANTEROS;JORNAL;DEPOSITO/LOG;E;-70200.0;CLASIFICADO
2026-07-31;JULIO26;CALLAO;EGRESO;SERVICIO TERCIARIZADO;R1 RAMIRO;COMISION FLETERO RAMIRO;DEPOSITO/LOG;E;-730231.98;CLASIFICADO
2026-07-31;JULIO26;CALLAO;EGRESO;SERVICIO TERCIARIZADO;R2 CARLOS;COMISION FLETERO CARLITOS;DEPOSITO/LOG;E;-936726.87;CLASIFICADO
2026-07-31;JULIO26;CALLAO;EGRESO;SERVICIO TERCIARIZADO;SEREY2;MONOTRIBUTO SEREY;VENTAS;E;-42386.74;CLASIFICADO
2026-07-31;JULIO26;CALLAO;EGRESO;VEHICULOS SERV/REPARACIONES;GIACONE;MANTENIMIENTO GIACONE;DEPOSITO/LOG;E;-144600.0;CLASIFICADO
2026-07-31;JULIO26;CALLAO;INGRESO;VENTA DIARIA;R1;COBRANZA REPARTO 1;DEPOSITO/LOG;E/T;2069350.15;CLASIFICADO
2026-07-31;JULIO26;CALLAO;INGRESO;VENTA DIARIA;R2;COBRANZA REPARTO 2;DEPOSITO/LOG;E/T/ECHEQ;4815978.23;CLASIFICADO
2026-07-31;JULIO26;CALLAO;INGRESO;VENTA DIARIA;R3;COBRANZA REPARTO 3;DEPOSITO/LOG;E/T;1174033.54;CLASIFICADO
2026-07-31;JULIO26;CALLAO;INGRESO;VENTA DIARIA;V24;COBRANZA V24;VENTAS;T;355218.47;CLASIFICADO
2026-07-31;JULIO26;CALLAO;INGRESO;VENTA DIARIA;V26;COBRANZA V26;VENTAS;T;275000.0;CLASIFICADO
2026-07-31;JULIO26;CALLAO;INGRESO;VENTA DIARIA;V28;COBRANZA V28;VENTAS;E;50000.0;CLASIFICADO
2026-07-31;JULIO26;CALLAO;INGRESO;VENTA DIARIA;V30;COBRANZA V30;VENTAS;E/T;1777581.52;CLASIFICADO
2026-07-31;JULIO26;V. OBLIGADO;EGRESO;GERENCIA;GERENCIA6;RETIROS MERCADERIA ROBERTO;NEGOCIO;E;-166781.86;CLASIFICADO
2026-07-31;JULIO26;V. OBLIGADO;EGRESO;MANTENIMIENTO/REPARACIONES;JULIO2;ELECTRICISTA;NEGOCIO;E;-300000.0;CLASIFICADO
2026-07-31;JULIO26;V. OBLIGADO;EGRESO;MANTENIMIENTO/REPARACIONES;LIMPIEZA2;SEMANA LIMPIEZA;NEGOCIO;E;-21500.0;CLASIFICADO
2026-07-31;JULIO26;V. OBLIGADO;EGRESO;SERVICIO TERCIARIZADO;LAUTARO;SEMANA AYUDANTE LAUTARO;DEPOSITO/LOG;E;-105000.0;CLASIFICADO
2026-07-31;JULIO26;V. OBLIGADO;EGRESO;SERVICIO TERCIARIZADO;LUCAS;SEMANA AYUDANTE SCARCELO;DEPOSITO/LOG;E;-105000.0;CLASIFICADO
2026-07-31;JULIO26;V. OBLIGADO;EGRESO;SERVICIO TERCIARIZADO;LUIS;SEMANA AYUDANTE LUIS;DEPOSITO/LOG;E;-105000.0;CLASIFICADO
2026-07-31;JULIO26;V. OBLIGADO;EGRESO;VEHICULOS COMBUSTIBLE;HIPERGAS2;1 GARRAFA PROPANO 15KG;DEPOSITO/LOG;E;-35600.0;CLASIFICADO
2026-07-31;JULIO26;V. OBLIGADO;EGRESO;VEHICULOS SERV/REPARACIONES;GIACONE2;MANTENIMIENTO GIACONE;DEPOSITO/LOG;E;-155400.0;CLASIFICADO
2026-08-03;AGOSTO26;CALLAO;EGRESO;GASTOS VARIOS;BARRIA;JUICIOS;NEGOCIO;T;-2000000.0;CLASIFICADO
2026-08-03;AGOSTO26;CALLAO;EGRESO;GASTOS VARIOS;BARRIA2;JUICIO - ABOGADO;NEGOCIO;T;-400000.0;CLASIFICADO
2026-08-03;AGOSTO26;CALLAO;EGRESO;GASTOS VARIOS;GASTO4;GASTOS VARIOS NEGOCIO;NEGOCIO;E;-20000.0;CLASIFICADO
2026-08-03;AGOSTO26;CALLAO;EGRESO;GERENCIA;GERENCIA1;RETIRO DE RECAUDACIÓN;NEGOCIO;E;-400000.0;CLASIFICADO
2026-08-03;AGOSTO26;CALLAO;EGRESO;PAGO A PROVEEDORES;PAULINA;LA PAULINA;NEGOCIO;E;-3212000.0;CLASIFICADO
2026-08-03;AGOSTO26;CALLAO;INGRESO;VENTA DIARIA;R1;COBRANZA REPARTO 1;DEPOSITO/LOG;E/T;2539809.62;CLASIFICADO
2026-08-03;AGOSTO26;CALLAO;INGRESO;VENTA DIARIA;R2;COBRANZA REPARTO 2;DEPOSITO/LOG;E/T;3439779.8;CLASIFICADO
2026-08-03;AGOSTO26;CALLAO;INGRESO;VENTA DIARIA;R3;COBRANZA REPARTO 3;DEPOSITO/LOG;E/T;1094234.75;CLASIFICADO
2026-08-03;AGOSTO26;CALLAO;INGRESO;VENTA DIARIA;V26;COBRANZA V26;VENTAS;E/T;3599331.32;CLASIFICADO
2026-08-03;AGOSTO26;CALLAO;INGRESO;VENTA DIARIA;V28;COBRANZA V28;VENTAS;E/T;3826773.53;CLASIFICADO
2026-08-03;AGOSTO26;CALLAO;INGRESO;VENTA DIARIA;V28;COBRANZA V28;VENTAS;T;1532184.2;CLASIFICADO
2026-08-03;AGOSTO26;CALLAO;INGRESO;VENTA DIARIA;V30;COBRANZA V30;VENTAS;E/T;7826225.51;CLASIFICADO
2026-08-03;AGOSTO26;CALLAO;INGRESO;VENTA DIARIA;VTA MOSTRADOR;COBRANZA MOSTRADOR;NEGOCIO;T;68392.78;CLASIFICADO
2026-08-04;AGOSTO26;CALLAO;EGRESO;GASTOS BANCARIOS;TARJETA VISA;VISA COMERCIAL CG;NEGOCIO;T;-1093961.92;CLASIFICADO
2026-08-04;AGOSTO26;CALLAO;EGRESO;GASTOS VARIOS;URGE;SISTEMA URGE ROSAFE -  AREA PROTEGIDA;NEGOCIO;T;-47370.25;CLASIFICADO
2026-08-04;AGOSTO26;CALLAO;EGRESO;GERENCIA;GERENCIA1;RETIRO DE RECAUDACIÓN;NEGOCIO;E;-600000.0;CLASIFICADO
2026-08-04;AGOSTO26;CALLAO;EGRESO;IMPUESTOS;DBCR 25413;TASA GRAL S/DB;NEGOCIO;T;-270258.03;CLASIFICADO
2026-08-04;AGOSTO26;CALLAO;EGRESO;IMPUESTOS;IIBB;INGRESOS BRUTOS;NEGOCIO;T;-226709.65;CLASIFICADO
2026-08-04;AGOSTO26;CALLAO;EGRESO;PAGO A PROVEEDORES;ILOLAY;ILOLAY;NEGOCIO;T;-75934.88;CLASIFICADO
2026-08-04;AGOSTO26;CALLAO;EGRESO;PAGO A PROVEEDORES;ONNEG;ONNEG;NEGOCIO;T;-1477974.76;CLASIFICADO
2026-08-04;AGOSTO26;CALLAO;EGRESO;PAGO A PROVEEDORES;PAULINA;LA PAULINA;NEGOCIO;E;-10938.1;CLASIFICADO
2026-08-04;AGOSTO26;CALLAO;EGRESO;PAGO A PROVEEDORES;PAULINA;LA PAULINA;NEGOCIO;T;-28000000.0;CLASIFICADO
2026-08-04;AGOSTO26;CALLAO;EGRESO;PAGO A PROVEEDORES;PAULINA;LA PAULINA;NEGOCIO;T;-8000000.0;CLASIFICADO
2026-08-04;AGOSTO26;CALLAO;EGRESO;SERVICIO TERCIARIZADO;CANTEROS;JORNAL;DEPOSITO/LOG;E;-70200.0;CLASIFICADO
2026-08-04;AGOSTO26;CALLAO;EGRESO;SERVICIOS;TRIUNFO;SAP Y SEGUROS VEHICULOS;NEGOCIO;T;-335425.0;CLASIFICADO
2026-08-04;AGOSTO26;CALLAO;INGRESO;VENTA DIARIA;R1;COBRANZA REPARTO 1;DEPOSITO/LOG;E/T;3689884.13;CLASIFICADO
2026-08-04;AGOSTO26;CALLAO;INGRESO;VENTA DIARIA;R2;COBRANZA REPARTO 2;DEPOSITO/LOG;E/T;3228948.3;CLASIFICADO
2026-08-04;AGOSTO26;CALLAO;INGRESO;VENTA DIARIA;R3;COBRANZA REPARTO 3;DEPOSITO/LOG;E/T;1824154.05;CLASIFICADO
2026-08-04;AGOSTO26;CALLAO;INGRESO;VENTA DIARIA;V24;COBRANZA V24;VENTAS;T;60657.35;CLASIFICADO
2026-08-04;AGOSTO26;CALLAO;INGRESO;VENTA DIARIA;V28;COBRANZA V28;VENTAS;T;1963915.81;CLASIFICADO
2026-08-04;AGOSTO26;CALLAO;INGRESO;VENTA DIARIA;V30;COBRANZA V30;VENTAS;T;1462657.74;CLASIFICADO
2026-08-04;AGOSTO26;V. OBLIGADO;EGRESO;GASTOS VARIOS;URGE2;SISTEMA URGE ROSAFE -  AREA PROTEGIDA;NEGOCIO;T;-47370.25;CLASIFICADO
2026-08-05;AGOSTO26;CALLAO;EGRESO;COMISIONES+PREMIO;SUELDOS9;COMISIONES Y PREMIO VTAS;VENTAS;E;-550067.62;CLASIFICADO
2026-08-05;AGOSTO26;CALLAO;EGRESO;COMISIONES+PREMIO;SUELDOS9;COMISIONES Y PREMIO VTAS;VENTAS;E;-485483.69;CLASIFICADO
2026-08-05;AGOSTO26;CALLAO;EGRESO;COMISIONES+PREMIO;SUELDOS9;COMISIONES Y PREMIO VTAS;VENTAS;E;-694323.71;CLASIFICADO
2026-08-05;AGOSTO26;CALLAO;EGRESO;COMISIONES+PREMIO;SUELDOS9;COMISIONES Y PREMIO VTAS;VENTAS;E;-43019.66;CLASIFICADO
2026-08-05;AGOSTO26;CALLAO;EGRESO;GASTOS VARIOS;GASTO4;GASTOS VARIOS NEGOCIO;NEGOCIO;E;-45000.0;CLASIFICADO
2026-08-05;AGOSTO26;CALLAO;EGRESO;GERENCIA;GERENCIA1;RETIRO DE RECAUDACIÓN;NEGOCIO;E;-200000.0;CLASIFICADO
2026-08-05;AGOSTO26;CALLAO;EGRESO;IMPUESTOS;DBCR 25413;TASA GRAL S/DB;NEGOCIO;T;-89152.94;CLASIFICADO
2026-08-05;AGOSTO26;CALLAO;EGRESO;IMPUESTOS;IIBB;INGRESOS BRUTOS;NEGOCIO;;-133131.76;CLASIFICADO
2026-08-05;AGOSTO26;CALLAO;EGRESO;PAGO A PROVEEDORES;PALOMA;PALOMA;NEGOCIO;E;-726000.0;CLASIFICADO
2026-08-05;AGOSTO26;CALLAO;EGRESO;PAGO A PROVEEDORES;SODECAR;CUENTA CORRIENTE;NEGOCIO;E/T;-3325197.19;CLASIFICADO
2026-08-05;AGOSTO26;CALLAO;EGRESO;PAGO A PROVEEDORES;SODECAR;CUENTA CORRIENTE;NEGOCIO;T;-1500000.0;CLASIFICADO
2026-08-05;AGOSTO26;CALLAO;EGRESO;SERVICIO TERCIARIZADO;CANTEROS;JORNAL;DEPOSITO/LOG;E;-70200.0;CLASIFICADO
2026-08-05;AGOSTO26;CALLAO;EGRESO;SERVICIO TERCIARIZADO;CANTEROS;JORNAL;DEPOSITO/LOG;E;-70200.0;CLASIFICADO
2026-08-05;AGOSTO26;CALLAO;EGRESO;SERVICIOS;PERSONAL;CONECTIVIDAD PERSONAL FLOW;NEGOCIO;T;-68987.4;CLASIFICADO
2026-08-05;AGOSTO26;CALLAO;EGRESO;SUELDOS QUINCENA;SUELDOS1;SUELDOS ADMINISTRACION;ADMINISTRACION;E/T;-726849.22;CLASIFICADO
2026-08-05;AGOSTO26;CALLAO;EGRESO;SUELDOS QUINCENA;SUELDOS1;SUELDOS ADMINISTRACION;ADMINISTRACION;E/T;-755891.44;CLASIFICADO
2026-08-05;AGOSTO26;CALLAO;EGRESO;SUELDOS QUINCENA;SUELDOS2;SUELDOS DEPOSITO;DEPOSITO/LOG;T;-1066273.49;CLASIFICADO
2026-08-05;AGOSTO26;CALLAO;EGRESO;SUELDOS QUINCENA;SUELDOS2;SUELDOS DEPOSITO;DEPOSITO/LOG;E/T;-702097.4;CLASIFICADO
2026-08-05;AGOSTO26;CALLAO;EGRESO;SUELDOS QUINCENA;SUELDOS4;SUELDOS VENTAS;VENTAS;E;-684462.48;CLASIFICADO
2026-08-05;AGOSTO26;CALLAO;EGRESO;SUELDOS QUINCENA;SUELDOS4;SUELDOS VENTAS;VENTAS;T;-768119.68;CLASIFICADO
2026-08-05;AGOSTO26;CALLAO;EGRESO;SUELDOS QUINCENA;SUELDOS4;SUELDOS VENTAS;VENTAS;E/T;-726849.22;CLASIFICADO
2026-08-05;AGOSTO26;CALLAO;EGRESO;SUELDOS QUINCENA;SUELDOS4;SUELDOS VENTAS;VENTAS;E;-684462.48;CLASIFICADO
2026-08-05;AGOSTO26;CALLAO;EGRESO;SUELDOS QUINCENA;SUELDOS4;SUELDOS VENTAS;VENTAS;E/T;-814041.67;CLASIFICADO
2026-08-05;AGOSTO26;CALLAO;INGRESO;VENTA DIARIA;R1;COBRANZA REPARTO 1;DEPOSITO/LOG;E/T;2642014.01;CLASIFICADO
2026-08-05;AGOSTO26;CALLAO;INGRESO;VENTA DIARIA;R2;COBRANZA REPARTO 2;DEPOSITO/LOG;E/T;4350628.28;CLASIFICADO
2026-08-05;AGOSTO26;CALLAO;INGRESO;VENTA DIARIA;R3;COBRANZA REPARTO 3;DEPOSITO/LOG;E/T;777617.0;CLASIFICADO
2026-08-05;AGOSTO26;CALLAO;INGRESO;VENTA DIARIA;V24;COBRANZA V24;VENTAS;E/T;829351.15;CLASIFICADO
2026-08-05;AGOSTO26;CALLAO;INGRESO;VENTA DIARIA;V26;COBRANZA V26;VENTAS;E;337000.0;CLASIFICADO
2026-08-05;AGOSTO26;CALLAO;INGRESO;VENTA DIARIA;V28;COBRANZA V28;VENTAS;E/T;496882.26;CLASIFICADO
2026-08-05;AGOSTO26;CALLAO;INGRESO;VENTA DIARIA;V30;COBRANZA V30;VENTAS;E/T;800425.61;CLASIFICADO
2026-08-05;AGOSTO26;V. OBLIGADO;EGRESO;SUELDOS QUINCENA;SUELDOS3;SUELDO PABLO MACIEL;DEPOSITO/LOG;E/T;-1014563.82;CLASIFICADO
2026-08-06;AGOSTO26;CALLAO;EGRESO;APORTES;CARGA Y DESCARGA;SINDICATO;NEGOCIO;E;-664780.67;CLASIFICADO
2026-08-06;AGOSTO26;CALLAO;EGRESO;GASTOS VARIOS;DON WEB;SERVIDOR DONDE ESTAN LAS PAGINAS Y MAILS;NEGOCIO;E;-152373.0;CLASIFICADO
2026-08-06;AGOSTO26;CALLAO;EGRESO;GERENCIA;GERENCIA1;RETIRO DE RECAUDACIÓN;NEGOCIO;E;-400000.0;CLASIFICADO
2026-08-06;AGOSTO26;CALLAO;EGRESO;GERENCIA;SEG MERCANTIL;ROBERTO;NEGOCIO;T;-212350.95;CLASIFICADO
2026-08-06;AGOSTO26;CALLAO;EGRESO;IMPUESTOS;SUSS1;SUSS AUTONOMO JUAN PABLO;NEGOCIO;T;-148006.32;CLASIFICADO
2026-08-06;AGOSTO26;CALLAO;EGRESO;PAGO A PROVEEDORES;ILOLAY;ILOLAY;NEGOCIO;ECHEQ/T;-930853.02;CLASIFICADO
2026-08-06;AGOSTO26;CALLAO;EGRESO;PAGO A PROVEEDORES;PAULINA;LA PAULINA;NEGOCIO;E;-4133000.0;CLASIFICADO
2026-08-06;AGOSTO26;CALLAO;EGRESO;PAGO A PROVEEDORES;PAULINA;LA PAULINA;NEGOCIO;T;-5400000.0;CLASIFICADO
2026-08-06;AGOSTO26;CALLAO;EGRESO;PAGO A PROVEEDORES;SODECAR;CUENTA CORRIENTE;NEGOCIO;T;-1925400.0;CLASIFICADO
2026-08-06;AGOSTO26;CALLAO;EGRESO;SERVICIO TERCIARIZADO;CANTEROS;JORNAL;DEPOSITO/LOG;E;-70200.0;CLASIFICADO
2026-08-06;AGOSTO26;CALLAO;INGRESO;VENTA DIARIA;R1;COBRANZA REPARTO 1;DEPOSITO/LOG;E/T;5207559.34;CLASIFICADO
2026-08-06;AGOSTO26;CALLAO;INGRESO;VENTA DIARIA;R2;COBRANZA REPARTO 2;DEPOSITO/LOG;E/T;5531139.24;CLASIFICADO
2026-08-06;AGOSTO26;CALLAO;INGRESO;VENTA DIARIA;R3;COBRANZA REPARTO 3;DEPOSITO/LOG;E/T;2038524.25;CLASIFICADO
2026-08-06;AGOSTO26;CALLAO;INGRESO;VENTA DIARIA;R4;COBRANZA REPARTO 4;DEPOSITO/LOG;T;218973.7;CLASIFICADO
2026-08-06;AGOSTO26;CALLAO;INGRESO;VENTA DIARIA;V24;COBRANZA V24;VENTAS;E/T;727060.0;CLASIFICADO
2026-08-06;AGOSTO26;CALLAO;INGRESO;VENTA DIARIA;V28;COBRANZA V28;VENTAS;E/T;859255.78;CLASIFICADO
2026-08-06;AGOSTO26;CALLAO;INGRESO;VENTA DIARIA;V30;COBRANZA V30;VENTAS;E/T;2353374.11;CLASIFICADO
2026-08-06;AGOSTO26;CALLAO;INGRESO;VENTA DIARIA;VTA MOSTRADOR;COBRANZA MOSTRADOR;NEGOCIO;E;307772.58;CLASIFICADO
2026-08-06;AGOSTO26;V. OBLIGADO;EGRESO;MANTENIMIENTO/REPARACIONES;JULIO2;ELECTRICISTA;NEGOCIO;E;-600000.0;CLASIFICADO
